Polygon200ID,PNC_pred
9552,4763.486971023024
9739,4574.30905798271
9740,5040.4339552038055
9741,3661.877197579489
9924,3557.853743701706
9925,3641.466763078244
9926,3685.3976624508323
9927,4118.541704125466
9928,5177.722286506067
9929,5044.288878037625
9930,3790.641365198643
9931,3349.664009113102
10113,4481.2321467208985
10114,3972.9444291671834
10115,4122.342835758191
10116,3934.9834475934767
10117,4114.8728879922255
10118,5013.032744049096
10119,3955.8443030580597
10120,3305.888625317008
10121,3325.6624508719055
10304,4376.450581090383
10305,4134.900355799606
10306,3912.112010740126
10307,4439.648766725773
10308,5648.441655489703
10309,4716.993183501061
10310,3460.5736276061643
10311,3259.8673058762874
10312,3333.1216645533
10496,3466.8886928089814
10497,3476.767189408062
10498,4191.863678522915
10499,4948.737403764499
10500,5306.2836341424845
10501,3596.743541759833
10503,3312.004621739372
10689,3479.3255668625234
10690,3524.798549951097
10691,4540.303143231937
10692,4429.352459697628
10693,4124.0582969459865
10694,5069.041371302529
10850,4706.694116030781
10851,4110.2871291899455
10877,4093.0661497657484
10878,3229.1315295238105
10879,3240.952784109769
10880,3390.0743745420414
10881,3661.5756964035813
10884,3318.3905969576163
10885,3981.8333824961974
10886,4231.055620869021
10887,3927.6890513496733
10888,4370.138736951663
10889,5064.169441285807
11046,4109.620506027939
11047,4715.915333526376
11048,3689.356334166272
11049,3736.8281797644586
11050,3984.8757179914205
11072,2954.27016863891
11073,3210.4398729025042
11074,4261.645788602607
11075,3458.684900737954
11076,3446.8059462997862
11077,3472.7508584357056
11078,3572.7817919414065
11079,4550.3165675099135
11080,3305.5865099210782
11081,4206.126570302542
11082,3824.9092921396623
11083,3422.8090730780814
11084,4049.631213039812
11085,4346.355616661986
11086,6173.100722449944
11244,5375.426259320045
11245,4288.449044188761
11246,3819.9239566093484
11247,4228.306567299847
11248,5997.969167416528
11250,6176.878083499463
11251,5193.131918404488
11269,2979.66349213003
11270,3022.803093110834
11271,3975.6980299822717
11272,4171.678918783036
11273,3480.6614727258548
11274,3473.4422733212687
11275,3473.196017824961
11276,4776.137925209289
11277,4358.496009798345
11278,4420.5857249667015
11279,3506.3741039567176
11280,3400.983328516156
11281,4107.84867910164
11282,4837.699390033197
11444,4990.832346892481
11445,4798.620229349292
11446,5735.362952826841
11447,6207.438516576706
11448,4636.206802891833
11449,3859.5466291373164
11450,3853.2094394366677
11471,4600.302370274318
11472,4059.0170939892164
11473,3489.1737633793523
11474,3708.4255774198164
11475,5065.760790043581
11476,3811.576656868192
11477,3378.1282786301153
11478,3524.3261011613517
11479,3567.353375600451
11480,3895.28994901487
11481,5051.125428385755
11639,3774.710687917057
11640,4457.344602538634
11641,4619.841637542832
11643,3742.325328143819
11644,4483.2395779623685
11645,4996.300598215239
11646,8398.003651346296
11647,4815.604152179028
11648,4686.007382667633
11649,4293.625015294166
11650,4362.049028775295
11651,4478.66032570678
11652,4666.4397890521705
11653,4692.350465597874
11654,6644.171963259083
11672,4918.830703163414
11673,4085.396359880082
11674,4927.734265053241
11675,3973.8545419465318
11676,3456.0074331084206
11677,3415.9922878257717
11678,3608.6548863446783
11679,3350.437921432714
11841,5230.685934738986
11842,4031.543125195026
11843,3970.9101738314293
11844,3629.0715485421706
11845,4029.555231469465
11846,4720.898564149018
11847,4918.98024048585
11848,7586.935930962563
11849,5949.409064553496
11850,5716.372592761689
11851,5470.027063884891
11852,5423.528242661729
11853,5517.196053231441
11854,5553.361730095813
11855,6750.560741108846
11874,5886.143162115979
11875,6216.371107749142
11876,3774.6909541337723
11877,3471.1445373123593
11878,3493.9632839214164
11879,3512.075317531355
11880,3400.6867424418615
12044,4225.514586887575
12045,3775.2627963774403
12046,3745.461260644131
12047,3787.7057600924736
12048,4783.710847218032
12049,5301.173678691726
12050,4824.755799916885
12051,6356.6556172051005
12052,6633.266936321063
12053,5315.282436705535
12054,4487.260767527296
12055,4790.901125843138
12056,5995.5118824100855
12057,5224.137356255138
12058,7416.291549691954
12059,5676.164813061881
12077,6906.59416752299
12078,4212.253084590342
12079,3640.5968805774382
12080,3544.473558807668
12081,3528.410003346894
12082,3598.5331330682334
12083,3795.3532676121026
12245,4072.4722227488473
12246,4053.5888743846176
12247,4323.879825305075
12248,4251.682891913479
12249,3948.422170501109
12250,3673.604913303373
12251,3818.9408282888844
12252,4202.579809707822
12253,4712.033770517235
12254,4963.389591576928
12255,8190.717859318998
12256,6433.757932915922
12257,5749.491305013094
12258,5135.680270160941
12259,4802.181205559352
12260,7316.037350462169
12261,4931.44431376376
12262,4190.854127557313
12263,4277.51504347541
12280,3761.8368150684964
12281,6295.647299381619
12282,3876.8304858404563
12283,3770.937765290949
12284,3749.6403614152023
12285,3899.865002468808
12286,4154.709610844453
12287,3765.4223272312415
12451,4606.573527751263
12452,4406.3794333906135
12453,4405.049827096232
12454,4394.552314959493
12455,4336.995541523665
12456,3973.069773511631
12457,3641.6344900552003
12458,3506.407141525696
12459,3638.31538071469
12460,3673.5174718524645
12461,4930.0234026861635
12462,8188.05509794731
12463,7008.733494038943
12464,5056.790911010289
12465,5406.532727049895
12466,6618.344271718042
12467,5901.346961718646
12468,4947.969070974959
12469,3758.7415369768623
12470,4306.93770112787
12471,3998.1122242230545
12484,4497.194580777492
12485,4600.73908036614
12486,4716.877933139782
12487,4839.082830702501
12488,7197.393622769052
12489,3767.174918801761
12490,3766.1850037533477
12491,3709.816036159824
12492,3837.0433382093875
12493,3479.2407788692644
12494,3116.516541682243
12660,4830.151836540749
12661,5274.002705588242
12662,4810.205297095916
12663,4773.059447958868
12664,5004.869185561722
12665,4410.2507376124395
12666,4305.332642152356
12667,4467.214029191315
12668,3514.3619655644634
12669,3604.5616580218516
12670,4068.2807056561037
12671,4066.9595421304066
12672,4961.426438110901
12673,7352.706573548749
12674,6185.184485478092
12675,4217.143850673213
12676,4504.744946964593
12677,7119.028750791767
12678,4843.517826952657
12679,5525.999484755133
12680,4470.907025081227
12681,4480.385402958134
12682,3860.3034732716915
12689,3189.754013415047
12690,3066.7037389418488
12691,3433.4845516355963
12692,3855.6743818370164
12693,3552.2596420447217
12694,3608.151869555428
12695,3686.1045279794803
12696,3578.5025377120746
12697,3611.5151630596442
12698,5517.222447417027
12699,9652.895161656925
12702,3919.2715475660234
12703,4376.088214116755
12704,3541.947005081758
12705,3055.7840848595106
12873,6867.417995775246
12874,5690.822302016893
12875,4780.06285401197
12876,4831.7749665871215
12877,5509.158502100041
12878,4869.35798694527
12879,4126.910093659328
12880,4293.460246051554
12881,4422.94245321396
12882,4417.249417035824
12883,4369.289267263301
12884,4233.061826250462
12885,4009.914240910958
12886,6580.866249375782
12887,6757.3537914111475
12888,6138.161855157943
12889,4464.479568490009
12890,4573.309192842218
12891,6630.057494266224
12892,4444.336298695753
12893,4490.012865423149
12894,5012.39994970189
12895,4397.487441749778
12896,3565.8492013766495
12903,2997.4132185287826
12904,3015.6279336382195
12905,3018.5993022957045
12906,3001.781456702698
12907,2996.243922175393
12908,3227.74424598691
12909,3491.736867617439
12910,3629.6505908736603
12912,7468.948719013268
12913,11510.00144299696
12917,3733.962405001951
12918,3549.259260039334
12919,3231.1798470470767
12920,3256.0939956384323
13088,6506.445530104698
13089,5778.032103424024
13090,6344.062690347533
13091,5662.045501130785
13092,5153.774360388141
13093,4478.798907343798
13094,3795.8750240600393
13095,3461.1397197270917
13096,3602.019363629105
13097,3632.7106181197178
13098,3744.6477994515094
13099,3805.587746154106
13100,3863.1545942822113
13101,7049.139706716855
13102,6344.022589528839
13103,4957.812396498236
13104,4527.381524858711
13105,5271.705976473214
13106,6545.468142072723
13107,4167.770251661763
13108,4016.8659590771445
13109,4977.442459967411
13118,3021.4937033608658
13119,2988.6331861574918
13120,2978.9808479927633
13121,3002.5424391008164
13122,3082.7086450605548
13123,3655.17970106018
13126,4488.019011703246
13127,6690.004389055527
13128,4608.1848355585735
13133,3690.2323250183026
13134,3559.553681921443
13135,3584.505404096919
13307,6551.19998761044
13308,5169.1545435906255
13309,6089.03599628538
13310,6167.737140288604
13311,4979.968450483396
13312,4216.750890277447
13313,3604.37607004971
13314,3315.5094548967218
13315,3484.7646493902685
13316,3808.2786336847603
13317,3901.6297663782543
13318,4112.93621791006
13319,4956.102558959006
13320,6887.387166037855
13321,4072.270732012089
13322,3964.806760703572
13323,4687.277743425835
13324,6144.76949802656
13325,5439.028695025781
13326,4467.227352941276
13327,3911.817399800344
13328,4838.176813934114
13337,3070.4710302375365
13338,3041.627719378676
13339,3029.995806641003
13340,3088.2280696218313
13341,3584.8188074408595
13346,5413.892049633333
13347,3946.4712215901905
13353,3773.849776426013
13354,3539.539204443892
13355,3456.7675545128595
13528,5945.910494074162
13529,7332.638749580328
13530,6369.717236885647
13531,6595.94024500808
13532,5325.327065019794
13533,4913.25793432108
13534,3797.576682795732
13535,3541.1567545004214
13536,3638.694157686097
13537,3757.9134105552903
13538,3871.975087121905
13539,4383.3910937165765
13540,7433.793900474535
13541,5230.083713095648
13542,4306.557652087521
13543,3922.3305761812126
13544,5838.850448405634
13545,6798.680577321286
13546,5038.066782821854
13547,4161.416146412498
13548,3944.635929043302
13556,2948.9403042363206
13557,2927.3821481670775
13558,2925.3082071902977
13559,2943.5938882610362
13560,2975.940725512849
13561,3411.118723300031
13563,3286.371506316982
13564,3274.190239638092
13565,3395.058025942089
13566,3606.481777238191
13567,5760.873034233985
13568,3692.7475930642104
13569,3476.8634626345474
13575,3795.540530439204
13745,5808.059885653847
13746,6613.870774237203
13747,5016.453504112134
13752,5370.996622198683
13753,4905.840631927463
13754,6091.494335498119
13755,6174.2169913819735
13756,6557.926140784926
13757,6255.513334344618
13758,5362.378607409943
13759,4037.0441179048203
13760,3966.925797056614
13761,3841.4527502514884
13762,3837.2577273460256
13763,4035.099607909646
13764,6698.236448599349
13765,4671.747009943733
13766,3785.8287908578463
13767,3723.6738123020177
13768,4206.720253810205
13769,6569.035714778267
13770,5364.5822067708305
13771,5106.168708029481
13772,4412.763490400253
13778,3198.075432145392
13779,3049.5739889561814
13780,3009.928602125758
13781,2966.8542238221617
13782,2914.3933844157873
13783,2922.1985285268406
13784,3120.363874314437
13786,3254.655265037219
13787,3168.648645125869
13788,3218.6969482968398
13789,4010.574943635457
13790,6190.318594298335
13791,5170.888787076423
13792,3487.9530598519896
13793,3477.524030153589
13794,3354.272615999481
13968,5468.375314913212
13969,5217.474945193388
13970,5156.710328367273
13971,4869.402227572333
13972,6944.025742015121
13973,5178.8838842202
13975,4351.74951027435
13976,5846.651607808777
13977,4822.4512351607555
13978,4635.383932627543
13979,3888.787881234647
13980,5968.765333162844
13981,5459.408490769675
13982,6141.89908140278
13983,6287.963287132847
13984,5684.204756558976
13985,4611.783212439032
13986,3980.951171335819
13987,3906.919627889415
13988,4094.227623339365
13989,6549.056486814325
13990,3789.0785551075332
13991,3982.9370763345887
13992,4160.2611397761375
13993,4480.38735016059
13994,6055.922264934924
13995,5248.43345733948
13996,4464.580197553309
13997,3638.971065406505
13998,4667.480422674616
14002,3177.2463354752504
14003,3080.0275266284107
14004,3052.171658089704
14005,3208.988797926512
14006,3115.3243365674234
14007,3088.8278002833163
14008,3011.2430832890973
14009,3898.314184981823
14011,3131.967954315406
14012,3190.498393741111
14013,3709.5664020096983
14014,5967.5523394501
14015,5773.386229479629
14016,3651.1911570073203
14017,3242.9738087461064
14018,3254.690253035887
14019,3207.494760453895
14020,3161.7769807271125
14195,5085.46880537307
14196,4472.533591546353
14197,4770.846565402098
14198,6145.72042510238
14199,5755.85553784912
14201,4514.885650098414
14202,4671.376278242877
14203,4780.501505790562
14204,4496.136351736224
14205,4137.31467043984
14206,4161.450588204481
14207,6228.274393332618
14208,5085.01932551934
14209,5783.8514925791615
14210,4273.727489427574
14211,4130.223623556189
14212,4093.6849106413347
14213,4033.47218844823
14214,5729.285950627769
14215,5268.955227660687
14216,4388.355620885687
14217,3840.284814026536
14218,4194.4183739445825
14219,6105.444823076847
14220,5268.366367205945
14221,4994.258633163773
14222,5134.557548694068
14223,4918.659950728343
14224,4118.795913001236
14225,5073.8310059393725
14228,3305.079265996677
14229,3104.4889925174098
14230,3104.9731358320137
14231,3152.243643539508
14232,3254.016410723824
14233,3217.5195571700356
14234,3200.1432938688286
14236,3189.4541810872524
14237,3290.735689732252
14238,3860.9667054942597
14239,5294.339734168492
14240,5391.428870196391
14241,3781.528495482014
14242,3280.286887285252
14243,3055.722367414633
14244,3089.375305235241
14245,3108.930531725826
14246,3161.288528254273
14422,4273.589477148247
14423,4622.100685318218
14424,5249.392365637243
14425,3970.9522208460216
14426,4299.058626730544
14427,5823.908803262524
14428,5523.682075771753
14429,3631.103685755503
14430,3873.6287706619596
14431,4323.526375938892
14432,4579.503277787036
14433,4190.038254344037
14434,5697.6471961788475
14435,5191.183927166857
14436,5335.156593642769
14437,4274.22502925023
14438,4458.844314902124
14439,4242.392013353442
14440,4602.596746180577
14441,6265.273221036447
14442,4020.3261438398467
14443,4986.021448156236
14444,3756.663017474377
14445,4336.610875859087
14446,6018.313688325731
14447,4746.0268796224
14448,4226.948697650137
14449,3597.216907890633
14451,3675.2592626963824
14452,3907.5310493181787
14453,3606.707271082305
14454,3972.6950471192986
14455,4401.877729338181
14456,3841.0434108800446
14457,3170.4460149345455
14458,3165.911266007406
14459,3182.8948222387976
14460,3204.7804620933302
14461,3581.678066077986
14463,3244.7637321578404
14464,4315.179107138207
14465,7591.784153084191
14466,6050.743578964075
14467,4700.917370408477
14468,4289.551439793884
14469,3597.7269324851177
14470,3345.4518226368004
14471,3093.098199284506
14472,3162.306942349501
14473,3239.6511868348543
14474,3322.2490627971065
14651,5412.323977439866
14652,4366.367561037625
14653,3724.2517511690367
14654,3497.0119446554286
14655,3822.9577292821377
14656,5869.152592091372
14657,4373.010814286535
14658,3395.0545619070967
14659,4265.987153368799
14660,4828.0503881179975
14661,4297.8974881742215
14662,4802.640065415992
14663,5638.85360262115
14664,5796.710155708011
14665,5540.385074040452
14666,4582.596163540389
14667,4644.851909896959
14668,6290.930776565694
14669,4863.791195734228
14670,4952.798525741395
14671,4986.448750433077
14672,4629.758280783151
14673,5724.930105365246
14679,3222.823588440706
14680,3216.5817800295654
14681,3180.342423877979
14682,3271.3442167373046
14683,3333.05215905335
14684,4006.652600334034
14685,4169.56101093474
14686,3287.149698287868
14687,3236.0584568134764
14688,3228.360464098325
14691,3295.8471003128234
14692,4192.34074897629
14693,5499.777204412634
14694,6511.861165057751
14695,4486.85681422335
14696,4031.9398189119747
14697,3236.5126267366704
14698,3290.170337078901
14699,3282.8252591732744
14700,3366.0772765576157
14701,3360.324656233779
14702,3332.185609169842
14703,3390.20387206836
14884,5435.792709571782
14885,4158.105054461779
14886,3619.4101036449515
14887,3666.6326873881326
14888,3710.115952055133
14889,3856.8213744615596
14890,5764.286827406122
14891,3951.8513584956436
14892,4365.470665042562
14893,4825.591507395014
14894,4488.34175569306
14895,4993.954129555817
14896,6182.928130288013
14897,6352.69204147175
14898,6212.398834499807
14899,5066.324453060734
14900,5334.315595080372
14901,7012.706270245677
14902,4792.121020851993
14903,4938.392867346802
14904,4787.364631589244
14905,5404.927589176674
14906,5344.83419258046
14907,6624.788410654437
14912,3452.358526380107
14913,3653.0915912465434
14914,3494.236314944578
14915,3520.3997191473345
14916,3333.2146050174806
14917,3219.7749649049274
14918,4237.7766436389265
14921,3834.22122764706
14923,3371.0760331185215
14924,3326.6032092152914
14925,3327.42963378595
14926,4355.828773930882
14927,7084.902165942247
14928,4668.147425271123
14929,3640.09101405656
14930,3089.2477303915794
14931,3102.54268612987
14932,3249.7394348450016
14933,3329.3924939809076
14934,3374.1291206394594
14935,3276.4238329296136
14936,3420.8018249426314
15119,4072.125768254974
15120,3914.122708936018
15121,4075.212997313237
15122,3809.26179105712
15123,3691.6910921165636
15124,5311.379512904148
15125,4259.402423119274
15126,4336.1598430727945
15127,5280.759330363338
15128,4825.684636911447
15129,5519.450013749504
15130,5034.8575512631805
15131,5863.152501038219
15132,6853.334682220409
15133,7192.8905740983755
15134,6198.163107276526
15135,6794.032669179263
15136,5089.5467065870635
15137,4995.392742463602
15138,4517.072229006533
15139,5167.51298483935
15140,5161.295625273328
15141,6231.864857859293
15145,4527.349111298636
15146,4008.952439502791
15147,3893.915619651268
15148,3373.635866947507
15149,3261.974878708639
15150,3282.5630417875786
15151,3385.3894491478313
15152,3377.5819576947288
15153,3373.9260819224155
15154,3555.55452857064
15155,4101.2932271926975
15156,4820.438966654555
15157,3341.5816898123917
15158,3350.6217575777746
15159,3400.425272897733
15160,5375.144680313597
15161,5990.3260246318805
15162,4758.3299534173375
15163,3782.8348595086964
15164,3309.836845253737
15165,3341.235938413357
15166,3189.7251698386453
15167,3216.120463367133
15168,3216.7657049109357
15169,3256.9145433357417
15170,4051.306807500505
15171,4915.520631507476
15354,5551.1055121901445
15355,5215.458663498471
15356,4450.88756919588
15357,4225.916656771456
15358,4261.157674813394
15359,5533.086392810905
15360,5255.332676684939
15361,4555.623550152493
15362,5040.9004694734085
15363,4865.321130937658
15364,5238.977272349315
15365,5377.348536666421
15366,4519.11496875446
15367,4540.550008806235
15368,9096.895170550195
15369,6634.214293431038
15370,4411.758298836514
15371,4323.603921443658
15372,4487.4883021785545
15373,5063.644430181355
15374,5651.011216685749
15375,5461.143390108922
15376,5859.576909408284
15380,4502.220472197088
15381,3966.3634397274764
15382,3496.239662226847
15383,3247.7617855055046
15384,3442.540816904752
15385,3221.386037722891
15386,3304.587282316498
15387,3590.527484908057
15388,3436.1185686042086
15389,3456.520456555949
15390,3503.3076157096766
15391,4350.947782015809
15392,3354.5872581041335
15393,3361.199290805069
15394,3369.83546188897
15395,5735.526004700403
15396,4393.569255346292
15397,4510.60366128595
15398,4268.334857608448
15399,3434.057690184116
15400,4056.460759467017
15401,3337.498678784469
15402,3332.2468661565995
15403,3297.3476172574974
15404,3871.316645529598
15405,7061.087752170653
15406,5298.069406308046
15407,3735.488496252112
15577,7783.001223292824
15578,7692.929484345468
15591,6345.534849294876
15592,5281.353857819922
15593,4741.771757634857
15594,5015.750317884003
15595,5549.592805288259
15596,6318.991897680857
15597,4739.855798541996
15598,5121.097698975678
15599,4112.352175345612
15600,4251.2628195538155
15601,4195.293065701782
15602,4767.861502116213
15603,6942.807032408891
15604,8007.060461828589
15605,6399.1816253710585
15606,5356.79744690212
15607,4856.231501386823
15608,4892.258588466712
15609,4715.712981201732
15610,5741.011211604882
15611,5824.815828968269
15612,6044.9916149539895
15613,7188.3714744891
15616,3790.3879032528257
15617,3739.816917059807
15618,3927.9787006464885
15619,3623.7704670379835
15620,4149.021628749297
15621,3930.2540228988782
15622,4009.5902937081078
15623,3918.7652643773636
15624,3519.6779782768554
15625,3672.896350200718
15626,3677.7724826652848
15627,4297.221390773218
15628,3354.09690833986
15629,3356.026219536774
15630,3718.724995111497
15631,6819.687194956647
15632,3983.086420535275
15633,4458.8614761867475
15634,4382.821069300026
15635,3555.1918482220044
15636,3854.4606871109954
15637,3524.6018847973596
15638,3557.1542912355053
15639,3881.010251457732
15640,5578.863948901548
15641,3973.3375956132786
15642,5807.832967460237
15643,5129.340617021482
15644,3537.5812599300502
15645,3288.6787002183464
15815,5193.082691975182
15816,6839.872347662147
15817,6148.653268583064
15818,5508.5482716530205
15819,6094.746551258759
15830,5806.269531956534
15831,6431.59499887737
15832,6449.687346367306
15833,6167.319024967934
15834,6588.832959448258
15835,7750.190239003226
15836,5590.026784521436
15837,6257.4400721923175
15838,5406.943999047976
15839,5228.7236606244505
15840,5289.807888350524
15841,7254.514783644288
15842,6180.168583007169
15843,6474.914618230289
15844,8195.017488877853
15845,5923.021581271714
15846,5197.603411274928
15847,4751.75160755484
15848,5637.560766721744
15849,5261.118221764031
15850,4767.981393554929
15851,5032.319184798274
15852,5484.900686229088
15855,4823.971786180074
15856,4727.582760380274
15857,4976.626226300116
15858,4784.252233410102
15859,4591.322450036119
15860,4374.1568064237845
15861,4026.72122322862
15862,3717.689380535038
15863,3605.717335452547
15864,3627.866561427042
15865,4011.2713689244342
15866,4036.8006848868836
15867,3359.605226484027
15868,3365.5105216881166
15869,4447.919973734122
15870,4813.989806856362
15871,3861.8365636536173
15872,4102.665506883372
15873,5158.865363142939
15874,4480.711777796889
15875,3883.715430988371
15876,3366.633606304931
15877,3444.7121281940117
15878,5452.497560546054
15879,4546.448264701254
15880,3756.979751717059
15881,3640.273354216786
15882,3850.92131700384
15883,3614.3652541273214
15884,3421.028689450383
15885,3330.6991028507982
15886,3275.537567096292
15887,3266.7777195041194
15888,3246.7161467063015
15889,3222.3685393461014
16057,4878.053782662475
16058,5030.043628185313
16059,4664.937199080091
16060,5091.112144310257
16072,6472.155606122575
16073,6606.750954843479
16074,6483.677111580515
16075,5661.61952894548
16076,6557.88335437235
16077,4952.478075517165
16078,5205.728253536303
16079,4539.542247047309
16080,4226.017278562384
16081,4282.903292991161
16082,7138.25382321783
16083,6146.389539014838
16084,7564.922747839362
16085,7280.108433302636
16086,7487.853983847801
16087,5441.410546347575
16088,5145.870553173374
16089,5937.728500428568
16090,5938.578846118322
16091,5756.478263274537
16092,6120.114063948028
16093,7101.021928593329
16094,5801.198065572651
16095,4125.231285222046
16096,4185.048734483704
16097,3885.3253824362773
16098,4258.7922584041935
16099,4402.599374754167
16100,5243.822642701409
16101,4656.211974718017
16102,4105.7019676978525
16103,3922.460496552724
16104,3568.393305502214
16105,3475.0859781293084
16106,4735.026146484221
16107,3869.546517550751
16108,3549.168352181845
16109,3643.0186981800703
16110,5372.9590656917735
16111,4044.998471503875
16112,3809.738970276646
16113,4262.228118194595
16114,4497.339397980193
16115,5503.789217736251
16116,5040.768553986203
16117,4349.992026838196
16118,4919.409738205741
16119,7160.189995288956
16120,6258.5058949447575
16121,4723.819166117798
16122,4303.461142970243
16123,4383.267559887636
16124,4008.149313789115
16125,3735.95887383206
16126,3646.251081466862
16127,3659.359906478843
16128,3890.788868160179
16129,4028.6952349746416
16130,4039.905959193652
16296,4848.602253040508
16297,4650.619004786222
16298,4557.784400519664
16299,4361.074410788431
16301,3324.876626925967
16302,3744.5420233063087
16303,5233.20065218122
16315,9452.38475459242
16316,8057.417817223764
16317,7411.588861997587
16318,8491.317108138826
16319,7381.417380795332
16320,5756.656144376005
16321,5674.555546820568
16322,4766.530270807336
16323,4332.688524139241
16324,4372.918034050995
16325,6998.644708987851
16326,6444.596810793022
16327,5706.373708467731
16328,6641.509220061648
16329,8965.290635203706
16330,6702.654385710446
16331,6223.782791819707
16332,7111.575997619229
16333,7250.894609171788
16334,7415.89788629567
16335,7796.121217823158
16336,7068.405509656755
16337,6408.231219188036
16338,5167.638669627641
16339,4909.666128453651
16340,3936.321775383691
16341,3438.081024559321
16342,4079.324460574531
16343,4791.592167218303
16344,4757.998037484151
16345,4077.481921087458
16346,5226.761966718044
16347,4352.520933506965
16348,4140.019416315949
16349,5063.9537031741165
16350,4061.2093148305457
16351,3924.606290049912
16352,4698.427714641295
16353,4933.394321947494
16354,5621.042093142818
16355,5322.664547223965
16356,5066.344172788948
16357,5098.837265563498
16358,5529.418399304293
16359,6894.934305955225
16360,7877.184680965807
16361,8481.341655720467
16362,6988.6777299117275
16363,6202.054434973994
16364,6586.576589218496
16365,5834.823479094084
16366,4852.421789784456
16367,4704.200283426579
16368,4113.93820144901
16369,3897.616528980023
16370,3983.8586033486263
16371,4589.103608232766
16372,4846.995926290323
16373,6369.419317440745
16541,4477.787760366586
16542,4448.458491118905
16543,4068.8471486029566
16544,3341.281377796455
16545,2979.5911003468973
16546,2978.59460298453
16547,3130.9452222855093
16548,4886.121133912466
16561,5144.293174951175
16562,5047.716132305568
16563,7673.596675538256
16564,8778.68239086937
16565,5628.97204999087
16566,6196.779091805902
16567,5268.132733009411
16568,4512.356554757806
16569,5712.77025801754
16570,5493.48438965796
16571,6376.189673513778
16572,6165.829176333205
16573,6277.810054179079
16574,6630.673705769741
16575,7624.007377498119
16576,6569.206976237508
16577,7753.512080607636
16578,8184.396214560904
16579,8836.537532968976
16580,7990.758481063525
16581,5953.554770771263
16582,6246.880322787572
16583,5328.493085955579
16584,4985.184536670768
16585,7296.942176828745
16586,4016.22518548009
16587,4567.827004310513
16588,5114.184437321728
16589,5682.440514212052
16590,5347.542331814449
16591,5598.346670222829
16592,4740.852391549915
16593,5585.399152787647
16594,4786.868474664565
16595,4260.390363232836
16596,4300.503680846757
16597,6511.408078000111
16598,5718.436508698907
16599,5806.608908783681
16600,5800.090310332784
16601,5913.308430634539
16602,5826.84833177793
16603,5829.249199166021
16604,6539.087258162001
16605,7680.948435112374
16606,8864.684226474896
16607,7253.197924068423
16608,6646.859709745048
16609,6195.91270938862
16610,7115.279480540492
16611,5995.246161226494
16612,4765.5308875082255
16613,5156.641992855658
16614,4058.109033719341
16615,4065.591396905688
16616,4680.648218598036
16617,5381.224538556149
16618,5182.867450866528
16791,3161.0076684830474
16792,3039.2316184786655
16793,3193.135341532807
16794,3299.4052961994485
16795,4337.403930256963
16808,5204.969274978571
16809,5306.883614635842
16810,8415.621416707845
16811,9548.506944119823
16812,5942.7324093034385
16813,5981.460213131835
16814,5725.455189946979
16815,6210.731102096484
16816,6033.760793537102
16817,4352.7772226286015
16818,5440.242258741262
16819,6128.710339548199
16820,6054.182139850758
16821,6277.881039777214
16822,9051.410514482672
16823,6914.198757494183
16824,6959.562406353236
16825,5532.812880148522
16826,5329.366556253795
16827,5948.121984813672
16828,6676.651045764127
16829,5351.285395873074
16830,4847.45140455236
16831,5663.192665592629
16832,8706.731574689662
16833,5388.016254914594
16834,5378.75562069871
16835,5865.43880753932
16836,5797.4045351465065
16837,6391.167426442011
16838,7156.167213700739
16839,6683.055145620714
16840,5164.55111981913
16841,4542.364429409664
16842,4482.428962178331
16843,5764.33588064015
16844,6348.035626718063
16845,5910.600295802373
16846,6082.490797224982
16847,6600.007285876078
16848,6471.5154043390485
16849,7149.811306676231
16850,7616.272716413418
16851,7954.530787656673
16852,7630.462990136586
16853,8532.505028685186
16854,7946.014748583344
16855,5954.183076096346
16856,6661.546692031141
16857,6692.887010471312
16858,5496.017432350776
16859,5359.145452504971
16860,9705.4741162129
16861,5050.630747357474
16862,4687.931969143631
16863,5684.256676875249
16864,4762.205214711817
16865,8288.97061030011
17041,3346.1317237572835
17042,3278.4827080510267
17043,3844.6869306775493
17044,4455.2239000855825
17057,5571.381912157698
17058,9375.033397909425
17059,9008.782877755672
17060,6016.5263803309535
17061,6055.369613670984
17062,7352.980029990917
17063,8584.273495594844
17064,6049.383359206441
17065,5373.717659454206
17066,5797.002752133127
17067,6110.146550357975
17068,6222.499742649592
17069,6300.282739803773
17070,7733.267523839379
17071,9331.887861763738
17072,7020.462354063167
17073,4890.731747241043
17074,5587.318443568918
17075,6786.043773715715
17076,6050.392300694982
17077,7051.096902803425
17078,6995.714155361882
17079,8389.677135754779
17080,6960.960442146259
17081,5415.389272268373
17082,6396.298783959519
17083,6944.49000914229
17084,7669.52048531519
17085,10289.374412333089
17086,8181.345623805013
17087,5488.450878358091
17088,4817.922562202539
17089,4669.265469974751
17090,6034.194385662604
17091,6805.609914031062
17092,7898.045968314651
17093,6790.5145979161825
17094,5677.164069158762
17095,6578.336645581339
17096,8583.24963115944
17097,8570.728303733365
17098,6811.794459106295
17099,6746.209238885194
17100,7181.876549622097
17101,8823.321344194923
17102,8899.509907172333
17103,6685.474756465943
17104,7115.934957764121
17105,9125.875440778287
17106,9757.218389401243
17107,9529.088873667797
17108,10153.170609375758
17109,8298.42372492825
17110,7745.3391659180925
17111,6799.859863270163
17112,6337.532145358813
17113,6856.54068173244
17114,7794.2101126242105
17115,7646.40918960546
17116,8408.77017741023
17292,3276.3351740225735
17293,4015.5926817731697
17294,4784.1328023124115
17295,5284.9246396666385
17296,4746.50687267274
17297,5004.0306408114575
17298,6243.147066373796
17299,6778.374335505487
17300,5335.468010310605
17301,5309.560343372734
17307,5645.100330340272
17308,7593.036436752027
17309,9382.008560294289
17310,5949.897845056117
17311,7795.717395755357
17312,7714.864938561368
17313,5956.279130248044
17314,6500.147352220284
17315,6645.483576112273
17316,6643.481223537337
17317,5769.279086086848
17318,7061.027273565056
17319,7171.9432136158575
17320,5934.141582585349
17321,8037.576168722344
17322,6801.231440145111
17323,8041.881684239057
17324,8316.814843393713
17325,7535.802593473627
17326,10482.796716412071
17327,10960.076771150216
17328,11528.597901305382
17329,12566.16905274613
17330,11402.618413386672
17331,11773.80591283029
17332,12849.14132825609
17333,13032.31551422272
17334,11591.887234755277
17335,8240.981575565875
17336,7728.510654507243
17337,5417.0267402957525
17338,4938.09900067705
17339,6038.460013069408
17340,10297.134907896232
17341,8681.418193911913
17342,10496.391557605708
17343,9973.157096446974
17344,8336.60152930047
17345,6124.516818085916
17346,7763.879909099147
17347,9378.376087630924
17348,10157.161741674598
17349,9924.131677236206
17350,10515.749408397818
17351,14096.323925912739
17352,13866.490705338107
17353,12595.150317439342
17354,10378.01725856268
17355,7896.477242394687
17356,7145.992605286108
17357,7004.255724434532
17358,5275.980988286847
17359,4435.081915990382
17360,5126.043960384028
17361,4442.753874285664
17362,4219.002506872861
17363,4518.790860099623
17364,6076.046775636694
17365,5177.500088386219
17366,6165.556227380589
17544,3898.4945554145133
17545,6362.312444926275
17548,5118.239039984704
17549,4946.440973820294
17550,5248.7732972257845
17551,3816.4506688197935
17552,5359.545919298275
17553,3982.903327256962
17554,3805.505856299512
17555,4495.93209104649
17556,6232.241640400796
17557,5428.984758950686
17558,5322.156454650887
17559,5599.042747770678
17560,9334.39288061542
17561,9610.510236079872
17562,9707.061185148465
17563,6231.020729918895
17564,6759.2739822750045
17565,6753.684783278124
17566,7530.273129819072
17567,7543.028556669924
17568,7818.134391535128
17569,9671.78243481241
17570,8028.115804254232
17571,6998.449218342783
17572,9938.308098182322
17573,12927.90718203216
17574,8390.822607690929
17575,6784.5181070556555
17576,6879.550202828606
17577,9230.04238517359
17578,10126.758809066032
17579,11386.717106361808
17580,12303.3529149854
17581,11271.610983363222
17582,10637.449381541013
17583,11325.154400861504
17584,11276.621019535412
17585,7407.667448819262
17586,6351.117848085874
17587,6012.521593713256
17588,5568.766358491415
17589,5816.54896866247
17590,11298.111970974618
17591,7757.284815315079
17592,8736.637663859776
17593,6461.590231480332
17594,5296.0749676385
17595,6597.6374498435725
17596,7453.511817191471
17597,8213.300559725401
17598,7650.100214998272
17599,6713.059135485479
17600,8941.915690794045
17601,9956.148298255084
17602,8862.93657299228
17603,8118.740155600788
17604,9606.980830753299
17605,9714.401608317652
17606,6256.900854949197
17607,6222.003353492246
17608,5828.474127279185
17609,4382.439164312969
17610,4256.087542773045
17611,4146.73578014875
17612,4092.4687481448204
17613,4076.161325194992
17614,4301.67988954246
17615,6608.542282906901
17801,4783.814812979971
17802,5152.302099731274
17803,3840.042659738455
17804,4701.594032567702
17805,4815.81902348913
17806,4002.8314571296205
17807,3763.2832339571937
17808,5759.445345778453
17809,5497.397467188005
17810,5548.035303776884
17811,5526.62947982237
17812,8143.592568114831
17813,12022.141115748322
17814,9497.049601574427
17815,8300.414159006987
17816,9733.229682894209
17817,8439.551620307253
17818,9036.286451650913
17819,9359.053894334984
17820,8869.163093949926
17821,9741.924504828776
17822,8194.817627209792
17823,9414.669290016773
17824,6933.4288893073135
17825,7913.9878463593905
17826,6642.8493922769285
17827,6129.167485216426
17828,6176.054598023111
17829,7095.327422182607
17830,6009.662591055423
17831,6129.539128652078
17832,7497.518877729513
17833,7422.956910378973
17834,7001.54139629165
17835,8925.733514542748
17836,7200.2733697985805
17837,6430.440367918871
17838,6330.915649582395
17839,6215.121436168345
17840,6683.231360165611
17841,10288.63254731114
17842,9622.996561321821
17843,7369.580568992376
17844,7631.59311658192
17845,5094.443562237406
17846,5008.663079481238
17847,4779.897419464473
17848,4691.188967395359
17849,5106.860490909206
17850,5772.46697228888
17851,5653.089316396628
17852,5759.97418966302
17853,7157.373577765267
17854,8960.729247425543
17855,8592.627376884035
17856,9084.45406311952
17857,8600.255298664168
17858,7992.824851593434
17859,7104.096541795292
17860,5994.391273239475
17861,4445.841999003018
17862,4266.816278882281
17863,4132.781315069183
17864,4112.532563045743
17865,4060.6714799128813
17866,4275.867968759358
17867,5846.486111536789
18054,5120.303631444998
18055,5264.98728360978
18056,5935.5173437659105
18057,6038.46280883183
18058,5644.779721544049
18059,4389.845996733757
18060,3830.1188764757144
18061,5572.655949143373
18062,5556.451265476822
18063,5671.896404500164
18064,7021.864295960295
18065,10203.791171494195
18066,7438.170447808594
18067,8180.891033622314
18068,13618.582697933432
18069,12635.25358917091
18070,9852.435244028235
18071,8706.205282973977
18072,9198.620749221043
18073,8491.840805861442
18074,8624.220730825364
18075,10829.107912174926
18076,8744.483099853886
18077,6209.7251379023965
18078,7324.607038681537
18079,9952.85354349634
18080,8458.025382846341
18081,9348.299722896109
18082,9354.091160880658
18083,7538.304779897255
18084,6556.1997489247115
18085,6265.356385905237
18086,6296.218136430294
18087,6319.451794697705
18088,8161.696730863285
18089,6957.9185965124
18090,6441.864230065592
18091,6885.227741358924
18092,8952.207634885066
18093,13237.396942958338
18094,8681.238273904615
18095,8788.671580478573
18096,9092.534469796186
18097,7752.450094300037
18098,5579.089493784998
18099,4991.692533684965
18100,4539.822288245695
18101,4684.041704901461
18102,5141.871049272066
18103,6248.795822673998
18104,5684.410072236703
18105,6382.707102827243
18106,7153.6952734952265
18107,9187.549887077304
18108,9631.175073241426
18109,11341.925097161926
18110,8048.000442503966
18111,7169.3349300690625
18112,5819.067758710669
18113,6805.465085555345
18114,5543.15370563802
18115,4228.141045096698
18116,3926.9061418420947
18117,3868.044043175688
18118,3796.7522574009645
18119,3858.833860279084
18120,4820.8375929488875
18308,5020.009031894235
18309,5471.381721553949
18310,6505.763892540093
18311,5369.842620490375
18312,4847.612582570118
18313,3769.5631723455244
18314,3819.583475810975
18315,4461.786042754779
18316,6623.078427077736
18317,7825.336020366565
18318,8402.376333122846
18319,6672.781797984303
18320,7610.570705628641
18321,8344.266441646721
18322,11752.029700359422
18323,12604.719744442524
18324,17346.468707139848
18325,9757.300857082759
18326,9281.934480579437
18327,8995.2442343675
18328,7985.361374113927
18329,7240.641845690829
18330,8479.979331373268
18331,10070.385749113851
18332,10920.155019153282
18333,12811.503692959217
18334,13813.825842118813
18335,13594.162367677305
18336,13359.565494596913
18337,12001.67798545299
18338,14111.926308589129
18339,12353.636920099028
18340,10979.625109235914
18341,10539.982594809664
18342,12028.811965479857
18343,11967.917163887862
18344,13521.358622684891
18345,15085.36816910852
18346,13132.935585102417
18347,11138.729417074139
18348,9396.603195057714
18349,9895.257982254825
18350,11276.545632973237
18351,8481.877819460615
18352,6407.821079939619
18353,5764.869941595483
18354,6415.691467284567
18355,4796.505861801225
18356,4518.380519729385
18357,4384.359469176454
18358,4393.628207307333
18359,4901.732902811871
18360,5604.797242916039
18361,6896.213085936213
18362,7237.433465339593
18363,8682.715827870083
18364,7939.3550995277
18365,7893.8482745791935
18366,6107.804451004247
18367,6263.711326768193
18368,6182.966050201561
18369,4778.760321996381
18370,3428.962625530752
18371,3332.338220494989
18372,3301.618635281869
18373,3273.3757922884665
18374,4327.1417433133865
18562,5076.895984125857
18563,4920.911950555434
18564,6681.6532015691755
18565,5678.72424869815
18566,4468.016322091944
18567,4038.037174855976
18568,4352.6851312409035
18569,5230.620071797557
18570,6141.482754813902
18571,5701.232502104411
18572,7900.380927381304
18573,6673.122456827705
18574,5925.887561459988
18575,7501.191227895433
18576,8551.252729233129
18577,9013.138526832903
18578,10668.05778954246
18579,10129.641693957748
18580,11321.04835712456
18581,10463.038039833249
18582,7562.883714393634
18583,6793.91252905243
18584,9098.503808560423
18585,11636.772293799973
18586,17075.267031416017
18587,15309.576903412908
18588,15317.432372004276
18589,13148.148606076878
18590,9660.784653326966
18591,8872.034304558756
18592,8655.256572801216
18593,10633.908082252647
18594,11391.261054056911
18595,11413.19708561443
18596,14957.860026534852
18597,17843.513926467775
18598,20817.672093214507
18599,11496.223791498916
18600,9397.894965303856
18601,9915.412898862152
18602,8830.152936108654
18603,8334.211656073749
18604,9025.698176940317
18605,13464.22192539214
18606,10858.813772999147
18607,5390.741154138625
18608,4391.940901994268
18609,4377.900636959992
18610,3629.9189632248795
18611,3621.6348505133697
18612,3656.208830267296
18613,3723.7399280995214
18614,4646.348199782369
18615,5308.199978977649
18616,6375.636357833193
18617,5968.424140689729
18618,7505.26923724532
18619,7788.043511243741
18620,7775.039689832793
18621,5627.5567401574735
18622,6799.364711505126
18623,6041.667140727769
18624,6207.024883947108
18625,4001.9716674066085
18626,3614.215763538379
18627,3257.932535941903
18628,3179.961410788612
18629,4171.225108210388
18630,6096.279716810241
18818,5997.234277588897
18819,5441.178361322398
18820,4336.04220614297
18821,4018.970192058511
18822,4448.574874329792
18823,4591.283530199416
18824,4380.442025945864
18825,5114.834344374359
18826,5155.792694350411
18827,5891.697511139773
18828,7279.869102567267
18829,6597.6114028138145
18830,5551.14909941548
18831,6558.171143166627
18832,8415.443923830906
18833,8845.495737296584
18834,9181.445686935911
18835,8658.682589905955
18836,11197.052357752289
18837,9756.820042475862
18838,10031.661645525455
18839,12621.726165950982
18840,15974.849252984535
18841,12802.72556698233
18842,15103.48569581959
18843,13915.382899140197
18844,12614.886810779555
18845,17577.214557807427
18846,13765.77001412686
18847,11920.255187179439
18848,12001.821825266192
18849,12171.871425766483
18850,8907.391189948914
18851,8032.326306888572
18852,8336.629803242056
18853,8510.449811625427
18854,7426.276278903208
18855,7507.733454180325
18856,7387.794128636038
18857,7002.911364429028
18858,9133.128210983357
18859,8759.38193953969
18860,8409.341491393749
18861,9934.725343084858
18862,10696.756622777557
18863,4720.815070013313
18864,3949.444286712499
18865,3667.860488518657
18866,3218.330497662644
18867,3149.760396523051
18868,3422.143739531896
18869,3878.87316139704
18870,4763.849133661965
18871,4352.137380536191
18872,5390.54835049784
18873,5701.147832596849
18874,6697.7806471359545
18875,6845.69314915537
18876,8399.656211548723
18877,6611.801315749001
18878,5808.487436874804
18879,5507.847876604785
18880,4298.805134575907
18881,4055.440323571109
18882,4255.782325259405
18883,4436.81352518392
18884,4062.2382622801088
18885,5707.8226432772335
18886,5853.658216617516
19065,4815.2443261026565
19074,4903.405970852165
19075,4424.213199472515
19076,6252.2091008754305
19077,4735.454614635137
19078,4570.777718615094
19079,5020.8541245021515
19080,5422.605533283009
19081,4979.420223755915
19082,6237.8662041164625
19083,6695.262136576093
19084,7315.0272782901375
19085,8454.856637605602
19086,8802.645223568943
19087,5451.188998877108
19088,5578.742783857931
19089,7280.027651833096
19090,8030.858113046765
19091,8660.757286404922
19092,8379.17306383077
19093,7000.375094203302
19094,6811.587528087322
19095,10647.26573189719
19096,14181.481632928419
19097,11954.894568740208
19098,14963.445544686238
19099,12070.989237405325
19100,13674.846203571178
19101,14217.839888410768
19102,20583.579904523573
19103,13268.942802517426
19104,11312.69562607437
19105,12164.344921181368
19106,9901.458528108196
19107,7694.9195240681765
19108,7104.088886342111
19109,8029.905233209129
19110,8106.939163251818
19111,6516.066371263027
19112,8375.953807941718
19113,8337.63997083869
19114,6914.39152115015
19115,6469.226865603967
19116,9043.666969893377
19117,11403.753177621797
19118,7667.064577910585
19119,6318.138121049073
19120,4188.2864785878655
19121,4088.4792504440343
19122,3480.128970497676
19123,3409.790850901598
19124,3499.74065561097
19125,4058.458551508037
19126,5037.698650652828
19127,3958.3884870094025
19128,3832.5807966051725
19129,4725.874182716538
19130,5001.185399366514
19131,6201.818001822573
19132,5902.556051902873
19133,6778.379701494734
19134,6129.436216861002
19135,5201.344687693088
19136,4833.932597544943
19137,3951.7924629610698
19138,3431.1824579706786
19139,3367.6127842304363
19140,3505.21801959539
19141,4064.941186370391
19142,6240.8064944776925
19143,6089.365929445729
19322,3766.4433596196154
19323,4532.641155571311
19324,3478.5871874881855
19325,4097.936954275304
19333,5351.5011485318155
19334,5390.802041064508
19335,5459.916553927747
19336,6133.947923052461
19337,4454.980653393659
19338,4859.334267593023
19339,7520.766419113845
19340,9027.913259942234
19341,7943.970725116753
19342,6122.754672426192
19343,7389.481642555562
19344,9268.8456663032
19345,10464.658715242465
19346,7198.253165475175
19347,8649.951253587995
19348,7635.549058256414
19349,7111.516346483759
19350,6885.305214140033
19351,6866.6994059902445
19352,6892.936477101994
19353,9727.814533485942
19354,19856.57447089931
19355,14234.656420472154
19356,17260.204035148032
19357,17366.462194162475
19358,16732.239423480696
19359,15840.455304976795
19360,19280.765121648987
19361,16302.992071736155
19362,11104.854246779649
19363,11079.500722801638
19364,9679.15187488361
19365,8645.270453409363
19366,7354.734809849575
19367,8003.224321248812
19368,7531.093135266634
19369,5853.131940511431
19370,6244.652475683266
19371,6557.443527360359
19372,5938.204367267435
19373,5554.703578554619
19374,5649.734681272223
19375,9697.238766761715
19376,6882.028914615721
19377,5241.886631688846
19378,4207.803893549859
19379,3712.2931770222417
19380,3533.733768014454
19381,3410.213820615631
19382,3452.082455631718
19383,4560.2636586424715
19384,4391.875484127728
19385,3770.5002213384023
19386,4335.350985596211
19387,5381.350083394971
19388,5507.966316384542
19389,6356.939834849809
19390,5471.218233520607
19391,5804.155809253631
19392,6304.880121163367
19393,5676.294092278187
19394,5469.041550999938
19395,3703.102411157135
19396,3609.1026896872145
19397,3487.0094801028617
19398,3419.759947075062
19399,3575.8154298408795
19400,6016.495684950972
19401,5888.130341686796
19579,3159.6348967110616
19580,3244.5834819981656
19581,3244.9233302644734
19582,3267.1892488103904
19583,3216.719264037902
19593,5662.583400993438
19594,5087.101267513002
19595,4408.930346295822
19596,4425.011982785947
19597,3832.991531606329
19598,5783.593301484516
19599,11171.812101812011
19600,10319.405946761013
19601,6850.563092959668
19602,5389.387472731746
19603,5966.9773300950055
19604,10965.151510570024
19605,9397.912774139157
19606,5529.863176224317
19607,5241.409593721897
19608,6272.175024572582
19609,6741.483199481815
19610,6775.900529114235
19611,6961.171983565957
19612,8776.672450603144
19613,9890.434134515366
19614,10344.64385548344
19615,13814.226956862027
19616,18306.29844743555
19617,16299.993227191577
19618,15238.693830772458
19619,13885.837635029238
19620,18792.597906611532
19621,10523.979943428625
19622,9023.639089426213
19623,7553.448368392312
19624,7013.748629876394
19625,8523.851293831269
19626,7788.246758016163
19627,6539.331668648968
19628,5741.979976008663
19629,5306.321672666628
19630,4673.434026544231
19631,4342.330044139067
19632,4365.586773729456
19633,4907.825081489198
19634,5305.436968334452
19635,7279.245339571198
19636,5426.279044096673
19637,8103.771055682882
19638,7505.568330465072
19639,5960.1804060577
19640,7199.320268059462
19641,5711.433133414014
19642,4868.760845890078
19643,4157.148331599838
19644,4150.119255403392
19645,5139.525049986987
19646,6675.393443811357
19647,6725.226802636091
19648,5704.99414385606
19649,6334.395334678581
19650,6772.399684363087
19651,7000.651208791211
19652,5974.830976854514
19653,5891.613284899651
19654,3837.814303309023
19655,4218.577093082196
19656,3739.6042825681934
19657,3430.7442380066445
19658,3634.7246119662777
19659,4888.285179900432
19660,6839.628004145612
19838,3153.367417444315
19839,3169.180404095504
19840,3189.177260327344
19841,3168.9285225000585
19842,3336.691686891306
19851,3381.7432519546373
19852,3609.334587560141
19853,4117.493660228085
19854,4146.148048632676
19855,4783.156997317597
19856,4706.899227350142
19857,5766.793239317423
19858,5769.897318267838
19859,8010.707268953605
19860,9631.550317914154
19861,5577.558973486975
19862,6328.669212380912
19863,6519.373232767162
19864,7318.444880093568
19865,5120.772171577907
19866,5599.765670478689
19867,6102.263209790248
19868,6271.649353843843
19869,6895.628826009106
19870,8203.83340635171
19871,11188.262730211505
19872,7772.702907342742
19873,7173.114727315202
19874,9418.10611876342
19875,11574.913382711411
19876,12426.984703322301
19877,12601.870034603537
19878,11928.250554244294
19879,16931.849257215614
19880,11931.964744895055
19881,8669.310190785327
19882,7380.247730026469
19883,6505.740516266624
19884,5714.366684718567
19885,5650.92496561317
19886,5253.8935038260715
19887,5171.9562957460985
19888,6017.546286670171
19889,5171.104034100335
19890,3756.0114668381066
19891,3877.5774461898764
19892,4049.2350832977845
19893,4701.892756662802
19894,6433.22958881782
19895,8005.097657365352
19896,8378.263163944848
19897,10188.999819208579
19898,5341.676045758522
19899,5643.687312129263
19900,4632.688257064003
19901,4240.44871423328
19902,4907.828521154154
19903,6059.854194378358
19904,5871.828479023445
19905,5542.128621901362
19906,5217.738281213685
19907,4135.878911216075
19908,5575.5973543914515
19909,5959.735247910989
19910,5422.998902755999
19911,5928.62571061378
19912,6476.965339653896
19913,4223.2992208570795
19914,5525.647273211425
19915,4458.511266220943
19916,3881.2862770159504
19917,4230.002343494352
19918,4635.603527938341
19919,7190.8850748564655
20098,3192.605925536013
20099,3021.762924946659
20100,3014.915365883202
20101,3396.0106070924217
20102,3730.986032253705
20103,3802.281975098779
20109,4944.481913529646
20110,5022.150122902731
20111,3961.0348675977857
20112,3369.2656942690346
20113,3486.9573328382444
20114,3463.7993460922457
20115,3490.6620720087803
20116,3966.946703181
20117,5575.454140977144
20118,4398.198499671387
20119,4905.7670949906615
20120,5725.466650808772
20121,6061.190251667833
20122,5575.135753386438
20123,4942.9953828041425
20124,7335.266123879368
20125,7125.923125573552
20126,8673.282622186938
20127,9892.637069668815
20128,9686.189556869984
20129,10263.085055400437
20130,11034.884742630113
20131,12659.454943580517
20132,13155.737955781618
20133,11770.857924766011
20134,11783.397988248616
20135,12370.14116647181
20136,10163.939113518252
20137,9091.864343312192
20138,9372.046700596642
20139,13831.425224143357
20140,11299.371884869717
20141,11187.772310127413
20142,7748.553846477795
20143,5150.37003750278
20144,4934.947420626403
20145,4984.248349020827
20146,4757.781975000713
20147,4782.471947361991
20148,4884.3485870667155
20149,5474.370216938661
20150,4593.266320302491
20151,4758.689480699107
20152,5737.695895268031
20153,4958.992401563213
20154,5519.79560460321
20155,8525.200010692608
20156,10589.325004202696
20157,11031.695417597723
20158,7384.731473760403
20159,6142.963473443379
20160,5900.12553342704
20161,6229.024046336821
20162,7278.29868410111
20163,7200.160510660147
20164,6164.175734123592
20165,6480.176692461738
20166,4392.364926939938
20167,4157.428870069961
20168,5798.705593087636
20169,5887.207338753104
20170,5435.035934478976
20171,4918.439272083491
20172,5509.938247086325
20173,5615.509065626495
20174,5066.108132592204
20175,4736.143170712916
20176,4651.996473979284
20177,5753.599528817534
20178,7014.178052590247
20179,6570.420137508362
20182,4368.428951474018
20183,5150.3293398676415
20359,2869.252674973186
20360,2827.177992013614
20361,2822.9712403886506
20362,2925.1758332788004
20363,3656.0687504735097
20364,3912.6372802466576
20365,3647.042609928296
20366,3533.816482511389
20367,3405.4004973184037
20368,3525.116234823986
20369,3693.3537986526667
20370,4401.6389037361705
20371,4104.103577969838
20372,4658.074720779404
20373,4213.177370873809
20374,4046.361964651457
20375,3479.232577817866
20376,3427.439703879375
20377,4026.820838339835
20378,5150.795663818284
20379,4654.895272631141
20380,4028.220405362693
20381,5575.17382377548
20382,5480.0177254337705
20383,4843.940614901898
20384,5220.926721063253
20385,12510.672964400093
20386,11818.77747429578
20387,8702.835370905006
20388,8492.881869272456
20389,9232.486013914513
20390,8018.535225408699
20391,6996.396098389074
20392,6482.959066138724
20393,8921.75586487704
20394,11542.113004893687
20395,13415.392870452695
20396,15809.203560483083
20397,18673.249795963235
20398,10854.875907187794
20399,11357.96315383967
20400,8599.855445988012
20401,10204.618526853017
20402,11691.689950862326
20403,9904.524106716643
20404,7461.74717128627
20405,6151.318122027361
20406,6204.4419279676185
20407,5644.259373673296
20408,4996.290418450825
20409,4541.554858580965
20410,4690.899577926377
20411,4491.192652935422
20412,4333.305441874159
20413,4577.120375910255
20414,5773.125114390821
20415,6220.611702563011
20416,8447.283775951691
20417,12662.332981277998
20418,7531.873657565835
20419,6171.8546442450815
20420,5974.621163888789
20421,5075.680725091827
20422,4580.85576425913
20423,7170.719209407989
20424,7773.846081867872
20425,7631.498710057924
20426,7333.788090061653
20427,5040.024735629515
20428,4606.580069359934
20429,5630.709808205479
20430,5586.0475336421405
20431,5278.265686743206
20432,5914.044168655422
20433,4892.932343161624
20434,5943.252544794767
20435,5794.893913452008
20436,6748.617541356025
20437,7155.429504104328
20438,6284.056326140313
20439,3798.638540951395
20440,3719.702714217359
20441,4883.714655788019
20442,4272.322197672705
20443,4757.25857472355
20444,5101.471785318197
20445,5247.367774177872
20446,4422.836998109846
20448,3587.4144702145563
20449,3521.1349171396696
20450,3636.217236208006
20451,3808.327534146253
20619,2921.7495947588504
20620,2828.4706641816006
20621,2774.602984218276
20622,2786.3831320965164
20623,2790.09193275886
20624,2784.8616833658016
20625,2958.2812736315905
20626,3439.7254114885504
20627,3348.5038219423354
20628,3582.2575000756215
20629,3850.1639951719776
20630,4338.508452349299
20631,4232.662478976385
20632,3898.30846377384
20633,4376.404657208403
20634,3619.5654775706275
20635,3781.3704237018683
20636,4009.1933284575016
20637,3466.50100168853
20638,3422.9895844916996
20639,3544.8899479720003
20640,4542.238203474644
20641,5275.747632286511
20642,5159.5576558856865
20643,4985.0238292479335
20644,4543.393005593256
20645,4675.715396615218
20646,7019.587612383486
20647,11669.207755382919
20648,7037.262534575884
20649,6368.445213377048
20650,7011.95522080431
20651,8191.16560596389
20652,7052.192580128451
20653,4915.359654894448
20654,5414.256713958628
20655,9460.256969702006
20656,9779.153851911402
20657,9394.496145068199
20658,11829.724741665215
20659,13952.533927518705
20660,22781.43332286515
20661,10660.274208705581
20662,9114.839641608189
20663,7326.844237299756
20664,7653.4051419067655
20665,11829.899902464624
20666,8157.113364779276
20667,5305.310900098224
20668,6420.29304675319
20669,7015.797495600536
20670,4979.825144200493
20671,4999.9789908919975
20672,4915.986824991436
20673,4174.888343931034
20674,4747.111909840871
20675,6136.077143287792
20676,5677.606777654607
20677,7553.008933922913
20678,12244.900813781014
20679,13174.5165509777
20680,7482.740300037287
20681,5873.452842629678
20682,8186.887119915042
20683,7272.06794139287
20684,6709.173719088341
20685,9155.902747392609
20686,8186.551136104479
20687,8544.286394534873
20688,7153.056539584806
20689,7361.523905309297
20690,6676.4117785339695
20691,6055.547479832156
20692,4953.890614874284
20693,5204.817259593527
20694,5881.617376085935
20695,5701.245528090798
20696,8057.857434606429
20697,7156.578819754086
20698,5398.534267817059
20699,4678.717996368407
20700,4789.081565787278
20701,3772.6293604612056
20702,4004.7017411745587
20703,5484.30369422076
20704,5915.7168275393
20705,6407.970306651852
20706,7091.959688535275
20707,4493.421576004874
20708,3727.6695806110033
20709,4381.799175068019
20710,3851.4956212540974
20711,3694.6107062746796
20712,3535.947006304956
20713,3371.068732669466
20882,2826.262361309806
20883,2772.9535950064696
20884,2774.386665624309
20885,2778.086568606329
20886,2782.4255641591953
20887,2780.748825695708
20888,2797.0185143379144
20889,3124.8194694361105
20890,3195.9194486288266
20891,3561.895657163007
20892,3617.5423515389293
20893,3850.6750637812047
20894,4196.534494694664
20895,5099.048460886386
20896,4677.239222053035
20897,4229.717181526379
20898,3809.018156612196
20899,4610.122359698402
20900,4418.266239517718
20901,4075.1827780552194
20902,4082.615105359455
20903,4744.907449345272
20904,4900.408478160158
20905,5026.648342514702
20906,4194.937313691104
20907,4418.352390161602
20908,4708.320853187375
20909,8394.733251877396
20910,8209.281651116336
20911,6615.795945887809
20912,7033.68986284208
20913,6848.347022105341
20914,6430.20569180402
20915,7228.533926300477
20916,5577.734184566256
20917,4857.594769178173
20918,8152.416156281939
20919,7993.934144174269
20920,8734.311450158473
20921,12479.668010701624
20922,15178.704606760739
20923,24397.396532604485
20924,13107.065006515286
20925,9280.590938245852
20926,7006.079523437073
20927,6305.634617616341
20928,6554.128209079163
20929,9217.158009796869
20930,8973.948930081759
20931,5048.914063432227
20932,6124.995048273457
20933,6167.919191272207
20934,5443.833552548151
20935,4918.923861235584
20936,5070.781921893621
20937,5230.1266931161645
20938,5073.018709800883
20939,4797.343943760339
20940,7144.014984410351
20941,9944.50310316155
20942,8568.72344087328
20943,9333.576029575817
20944,9047.858719896214
20945,10555.88760425926
20946,6441.692962458378
20947,6867.83937009962
20948,10048.382409551594
20949,8463.26338359756
20950,9685.125091729053
20951,7110.301250004979
20952,8420.380602144922
20953,6901.7482640426915
20954,8575.475553096558
20955,5896.869840966645
20956,5303.533456164805
20957,6238.59278215021
20958,8472.842164269632
20959,7115.392579010095
20960,5541.443515788371
20961,4999.927925670651
20962,4050.4752989250137
20963,4693.118760169133
20964,5022.750772515594
20965,6267.964473847453
20966,7024.272536995577
20967,7125.406113641653
20968,6790.486751188586
20969,6839.459500482071
20970,5053.789641618268
20971,4129.98455632742
20972,4205.861743003856
20973,3830.3090507495394
20974,4051.2565997889988
20975,3325.8137931530073
20976,3319.323845214557
20977,3399.1496184403813
21146,2782.5188695673546
21147,2771.9268601501412
21148,2772.3740222855513
21149,2775.4400143012144
21150,2774.7758267371705
21151,2794.3715514677297
21152,3060.1019597861437
21153,3067.276213108158
21154,3028.082329008429
21155,3199.504073154315
21156,3092.5936046091474
21157,3226.171832493961
21158,4219.479501406873
21159,4985.456666653954
21160,3810.2985602749477
21161,3486.7858688315364
21162,3903.2013444519425
21163,5192.904019902591
21164,6329.668025392086
21165,5878.052165161314
21166,3742.6398160741396
21167,3824.375944924751
21168,4667.899420317651
21169,3991.945112720846
21170,4159.961828870701
21171,4321.315079189382
21172,4710.9067531237715
21173,10209.735245156353
21174,7790.632944854184
21175,6003.974209509079
21176,6179.3325974817
21177,5506.8062313621585
21178,4409.847493375129
21179,8038.043089835446
21180,8421.143588777857
21181,7126.988201077955
21182,7249.357954314646
21183,7203.0285711491
21184,8081.100873719908
21185,11514.965241870399
21186,18245.732550921348
21187,14147.45399851533
21188,16648.390677141128
21189,11640.323608517056
21190,7663.730064522677
21191,5991.79494949756
21192,5725.791313678728
21193,6831.102538635137
21194,8677.564227928968
21195,7528.416341062042
21196,5105.303677362396
21197,4182.588601259807
21198,5913.497872005812
21199,8056.998758204043
21200,6707.816753770599
21201,5681.925824537531
21202,4506.402126370385
21203,4415.363711754588
21204,8429.648343619203
21205,5804.609192025011
21206,5822.2808325444375
21207,7015.949543290564
21208,7413.749808681045
21209,7221.294851447286
21210,6520.106485171422
21211,8725.093064384273
21212,7801.0108358218495
21213,9027.892071780145
21214,10750.618886956647
21215,7786.020529505247
21216,7495.627252495966
21217,6453.2000288105755
21218,9017.585151327801
21219,5894.7066179201865
21220,4403.010989418976
21221,5439.976347195034
21222,6344.470057085341
21223,6947.9813727816145
21224,5227.766837149027
21225,5351.943513180342
21226,6364.798815055845
21227,5830.747762144218
21228,5260.6633389555955
21229,6850.9696630592825
21230,6801.255462043131
21231,6882.5570963555165
21232,6378.2302796342765
21233,6666.641940382846
21234,5938.135244365343
21235,5965.598193754224
21236,5227.058754068979
21237,3928.5367393634942
21238,4441.954198256453
21239,4117.005894684097
21240,3695.428963391364
21241,3434.1695924420756
21411,2805.839644838264
21412,2776.397046766818
21413,2773.150334455397
21414,2792.45843152763
21415,2825.8191775424725
21416,3157.2181164867034
21417,3690.156388029028
21418,3326.147698445117
21419,3120.7286198773913
21420,3647.6917746608733
21421,3516.050369319678
21422,3438.797094456225
21423,3973.983013497988
21424,5212.595418101098
21425,3366.911172698052
21426,3693.401534374567
21427,5043.214594954938
21428,6192.112136790822
21429,9302.91122686633
21430,4137.417572463426
21431,3853.944656184516
21432,4517.734515808051
21433,3642.0068433977044
21434,3919.142144101514
21435,4092.516675271888
21436,4279.647537481923
21437,5038.891186695239
21438,12976.165348574565
21439,7133.382441489017
21440,5101.54672194838
21441,5231.661911753237
21442,4346.222097617176
21443,4981.034722939029
21444,7828.190097922861
21445,7326.758963145616
21446,7093.393377842294
21447,6998.588043810163
21448,7631.538370546548
21449,6672.495343976905
21450,9497.60280057087
21451,17492.68610322813
21452,10459.818228434813
21453,8508.907002887167
21454,9780.572407472548
21455,9381.215887268376
21456,6307.558637783716
21457,4823.18311031074
21458,5632.909901548188
21459,6191.396767581729
21460,7947.8597578911285
21461,9295.563145687247
21462,5132.742502471443
21463,6393.464190636377
21464,6715.260129202531
21465,8241.925414260142
21466,9210.311566145721
21467,6420.222163353321
21468,6626.413855716168
21469,8245.6774916778
21470,4366.848581750779
21471,5056.887110260408
21472,5546.127360498014
21473,5477.467848596507
21474,6537.821901500945
21475,7873.914480652473
21476,8410.62160137209
21477,9774.690018537112
21478,9454.290132197579
21479,8693.620631293144
21480,10149.958218203921
21481,7884.843422232283
21482,7336.658272641622
21483,8227.77914541189
21484,7112.461971817918
21485,6395.161445002166
21486,4399.7139866775215
21487,4620.08873374104
21488,7890.987045355754
21489,6284.122535046392
21490,6139.525762641795
21491,6725.83802423321
21492,7033.053661365666
21493,7447.916611237177
21494,6793.24441705304
21495,6277.250205646798
21496,5969.896040727233
21497,4522.98653483997
21498,3915.357723258087
21499,3701.3181683035127
21500,4034.6280307833067
21501,5007.222250592311
21502,4775.364468275201
21503,4137.82549645462
21677,2840.976029309162
21678,2811.3664531564377
21679,2796.1375351541415
21680,2809.5164526324884
21681,2860.7900412790286
21682,3106.1083720461747
21683,3671.7047513449656
21684,4094.280536519751
21685,3467.3233346800034
21686,3747.0632753030295
21687,3304.2133609948582
21688,3426.9097417719604
21689,4019.717353617303
21690,4417.264715739808
21691,3237.7680135357873
21692,3541.410577901595
21693,5223.694987624091
21694,5900.510079517928
21695,6580.1103924782365
21696,4047.9289606377197
21697,4603.886004260412
21698,3349.468126304281
21699,3586.4489495832786
21700,3861.0898305455944
21701,3999.1706009109876
21702,4086.0204104193485
21703,6817.094774417499
21704,8848.537335938772
21705,5698.679302576833
21706,5775.294489264261
21707,4749.714898243782
21708,4145.994837367981
21709,5505.076259182197
21710,6205.444319142896
21711,4612.81425202271
21712,5067.010747056545
21713,5532.78497330772
21714,6032.555685220526
21715,6418.552913575959
21716,8787.209307465488
21717,10095.617709631802
21718,7277.18936168815
21719,7601.066994804061
21720,7394.955775536646
21721,6655.134662500184
21722,8333.313578447649
21723,5804.677033375487
21724,4473.375548839708
21725,4540.545652613494
21726,4951.759402668829
21727,8315.518258053984
21728,8594.044189875542
21729,4987.658766734787
21730,4768.02309589347
21731,5224.061308853687
21732,6062.976192325014
21733,8348.019885983978
21734,8932.62670580943
21735,5413.718603515121
21736,5760.17256538929
21737,8290.563555284705
21738,8701.98444529698
21739,7605.029419878134
21740,6862.6020361059545
21741,6378.510399374356
21742,6416.279206111218
21743,6743.335043855057
21744,9478.326724052433
21745,8938.401258671103
21746,8587.134392058375
21747,8766.856000653921
21748,7473.581385490232
21749,7897.468410151101
21750,6151.060210588574
21751,5573.144791620538
21752,5909.567659345794
21753,6554.236680769058
21754,6887.373639485919
21755,7928.070495984681
21756,5595.920270737792
21757,5829.046791159926
21758,5754.942011014955
21759,6089.693579373662
21760,5086.839514195335
21761,5191.684103269403
21762,4869.683141892985
21763,4391.83619161023
21764,3960.8285729697077
21765,3714.924299871859
21766,3520.2684716378726
21768,4884.894665199165
21769,5572.031163602489
21950,3223.92137662156
21951,3503.591803681064
21952,3550.1240468048145
21953,3170.932007289547
21954,3006.6990920665376
21955,2999.152480790059
21956,3213.7165936604997
21957,3554.831605397846
21958,3179.8278734244063
21959,3195.5019987575606
21960,3926.8958315614136
21961,6891.886026106367
21962,7630.79516864112
21963,4473.597432022452
21964,3285.386931213322
21965,3254.194979597905
21966,3578.280808001221
21967,3764.782665955184
21968,3873.3927340768896
21969,3908.2225096385228
21970,8239.37428846743
21971,6366.80634634494
21972,5965.806998528042
21973,5308.588465984638
21974,4071.671501676851
21975,4413.058643819228
21976,4525.433109638234
21977,3797.9734301155213
21978,3915.6878348239393
21979,4335.76301443804
21980,5754.121614195659
21981,5837.403559864459
21982,9011.248264350426
21983,10415.58501117201
21984,7683.307017944659
21985,6494.510074175348
21986,6697.7681458915085
21987,6920.033027567686
21988,5920.086649433068
21989,5522.801660603003
21990,7786.245962972398
21991,5352.325142976086
21992,4496.71956258094
21993,4325.04341889999
21994,5194.247587757249
21995,7439.904900141411
21996,7738.060158413446
21997,5610.7651726127515
21998,5111.68659287496
21999,5013.295176531037
22e3,5066.493209892382
22001,5514.290031656692
22002,6481.361260247437
22003,9209.142668736069
22004,11076.041007721395
22005,10333.3071735532
22006,5944.969996952979
22007,5811.83950071739
22008,6487.275064675353
22009,6458.002454295726
22010,6752.337989193849
22011,9227.610903129811
22012,8433.701671251985
22013,7012.343054015761
22014,6235.283426070824
22015,8234.345575636225
22016,7711.184958622449
22017,6142.940277520338
22018,7045.8159133306435
22019,7084.944695123344
22020,6624.661604398021
22021,6786.471223724002
22022,7462.574687694072
22023,5114.732932794039
22024,4376.68111996343
22025,4827.665787497566
22026,5004.106889819352
22027,5108.351659209351
22028,4590.175817481346
22029,4208.559411656476
22030,4129.789030406639
22035,3453.8830686535257
22037,5003.766088029221
22218,3027.166903675681
22219,3196.859705491754
22220,3146.181228894595
22225,3084.344086926388
22226,3101.909245232001
22227,3518.6136397939276
22228,5198.344359346675
22229,7455.6451163283255
22230,4186.764019318258
22231,3154.355542647972
22232,3138.311399723636
22233,3326.816682100276
22234,3536.953617278484
22235,3656.887938761677
22236,3726.9517189081143
22237,4058.370976293234
22238,8804.549208409257
22239,5850.6877895227935
22240,4526.104730375178
22241,4934.088605138496
22242,4377.634274846614
22243,4693.805442522857
22244,3656.8888503011794
22245,3786.8135195772024
22246,3880.7075213772687
22247,4626.9166928018785
22248,5506.524929806186
22249,5649.485177739623
22250,6427.959107193748
22251,8703.120205038302
22252,6798.591189303621
22253,5790.926735513178
22254,6643.488157998598
22255,6658.072212676714
22256,5048.720924277364
22257,4674.6591629258255
22258,6207.3299163912825
22259,7211.752481230589
22260,5290.279267787204
22261,5108.849095857897
22262,5216.127996818977
22263,4342.508031527014
22264,5364.765349549769
22265,9166.339243165392
22266,8467.358265015699
22267,6981.249742308677
22268,7930.527494336229
22269,7368.642226629172
22270,7063.57863095376
22271,10540.260793948813
22272,13561.459415851597
22273,8299.410904416967
22274,7054.438861136201
22275,6953.210362581187
22276,6482.798415256524
22277,6165.46686703752
22278,5905.7303639715565
22279,7143.264428796452
22280,8878.83372088244
22281,8134.819912001496
22282,5951.6376611372325
22283,5738.6356238872995
22284,6146.521389143466
22285,5289.836352429988
22286,6334.705961114563
22287,6388.914344115391
22288,6691.7886791364135
22289,6258.250924646649
22290,7172.278718835518
22291,7134.4120593612915
22292,4917.149485404829
22293,4862.3906178146435
22294,5331.6901019821335
22295,4543.9440212254685
22296,3965.4941119117975
22297,4173.062122514192
22488,3038.229462269761
22498,5196.158484963006
22499,3241.0767211391226
22500,3089.066875416697
22501,3183.464224830992
22502,3359.6905758607563
22503,3490.052686780873
22504,3540.0671788816026
22505,3552.600471196028
22506,5169.5902299277695
22507,5704.991977219661
22508,5387.577838908923
22509,5324.935069912493
22510,4821.6208369768865
22511,4217.0896290555975
22512,3740.2006836992664
22513,3828.1930178777375
22514,3904.8377962167187
22515,4316.99947173158
22516,5449.794808107807
22517,5517.795374309604
22518,5171.745536713639
22519,5282.734422366313
22520,7229.649736374691
22521,5556.30558990612
22522,4926.607976407421
22523,5278.889982923232
22524,5362.011640632494
22525,4695.05761925872
22526,4270.922348753889
22527,4970.627671071845
22528,6163.970837926045
22529,6953.918930213353
22530,4801.256550821405
22531,4202.253056426718
22532,4329.249835540267
22533,4493.90515638475
22534,8322.054971502579
22535,10891.119059410505
22536,8478.886884186652
22537,7959.658969082981
22538,10102.046259955678
22539,8799.967221145693
22540,7489.908708117784
22541,10688.243450619417
22542,7648.075643702092
22543,7497.569724173549
22544,7059.049657590511
22545,7402.066582663283
22546,6405.936900409679
22547,7056.6862450518875
22548,7655.120884678321
22549,7122.670010365764
22550,6824.044867791024
22551,6654.336353861037
22552,6414.802373726878
22553,5143.5633358903315
22554,5598.478405637643
22555,5773.216624124764
22556,6306.699529911036
22557,6335.55397948258
22558,6288.2326858885135
22559,6648.777081429536
22560,5603.319226594383
22561,5588.766047090468
22562,5605.368744226593
22563,4789.8184794824065
22564,3913.607636224257
22565,4205.527118536407
22566,4121.858671822918
22769,3113.1256323770867
22770,3069.399739893049
22771,3254.601535873556
22772,3363.0725872812436
22773,3397.887019518964
22774,3382.0451600512465
22775,3975.3598333551813
22776,6595.18171141522
22777,4470.682363403762
22778,4704.750085200891
22779,5473.321078326697
22780,5647.151134574619
22781,3426.8879831679023
22782,3607.6622077329603
22783,3581.174497407009
22784,3847.8999185027496
22785,5121.721543429881
22786,5180.500815932375
22787,4935.846599043874
22788,4991.465996315973
22789,4944.753856805987
22790,7108.573154985623
22791,4726.878843679876
22792,5027.256798677496
22793,5109.286898097456
22794,4762.668976075544
22795,4579.21404256008
22796,4225.769289624294
22797,4633.727754912807
22798,5926.283306486308
22799,6675.128189010203
22800,4931.099580384583
22801,4371.250657438866
22802,4471.981200992963
22803,4600.488523407457
22804,5373.272848312688
22805,9616.899111156861
22806,5507.634226101356
22807,6634.114029518122
22808,9306.228534934193
22809,9481.366226863522
22810,7819.520642798083
22811,5855.928310601399
22812,5221.356792097831
22813,7271.341489672186
22814,7263.703349084484
22815,6825.000985762921
22816,5412.232483291849
22817,5314.719123527608
22818,5073.71316925522
22819,5069.733826097145
22820,7507.861135819354
22821,7699.893454255551
22822,6867.5054553489135
22823,5478.8016317538295
22824,5359.720727803678
22825,5644.541300420169
22826,5613.328981079041
22827,5147.364946549316
22828,5740.577618430469
22829,6079.553043380337
22830,5672.195556251034
22831,4438.232450957215
22832,4395.019251545607
22833,5197.141359512281
22834,4047.4908667529253
22835,3699.252417407432
22836,4075.1226190088437
23041,3236.817173238706
23042,3352.3374634129177
23043,3338.467206417936
23044,3276.8666714744645
23045,3337.306160394889
23046,5547.119488314786
23047,5587.413036010446
23048,4593.4911289585
23049,4914.380580251424
23050,5251.817050534217
23051,5223.887283583512
23052,4339.717435873874
23053,4442.121877996133
23054,3603.312201618228
23055,3824.350865831129
23056,5302.478454278969
23057,5543.337020746911
23058,5119.563219404325
23059,6463.177629029464
23060,7232.373299450006
23061,6691.697320891524
23062,4730.102949289415
23063,4690.565267325171
23064,4600.81935322941
23065,4375.745523947093
23066,3945.5810056188366
23067,4006.748413653054
23069,5459.531894892398
23070,7935.024357477292
23071,7152.062821098683
23072,4384.021451969497
23073,4432.448973504863
23074,4503.735236865583
23075,4712.55448905611
23076,6736.811161089687
23077,7159.32494032065
23078,7657.387357292268
23079,6997.715805981623
23080,7723.778901349775
23081,5067.651630379892
23082,3609.759063243376
23083,3937.3757031528767
23084,5243.727433051741
23085,4778.535571771539
23086,4469.972833618951
23087,3950.1805585225984
23088,4332.72229466821
23089,4401.663683053134
23090,4952.505208868945
23091,7579.593572107569
23092,7305.444022005653
23093,5728.81614543614
23094,5351.806885556081
23095,6123.82370359002
23096,6921.161816966071
23097,4353.374015461364
23098,4172.419552481003
23099,5966.249724288841
23100,5268.753161798565
23101,5660.345603280061
23102,5085.647930100313
23103,4099.588071040199
23104,5277.215842021668
23105,5090.23083372869
23106,4320.482965950783
23107,3847.218371451841
23313,3471.070193350855
23314,3522.9181320382913
23315,3480.0303192968877
23316,3417.483516701839
23317,3628.749652580927
23318,6501.208159652437
23319,4865.906309935865
23320,4656.114320647848
23321,5208.202841525342
23322,5709.222938104606
23323,3961.1752746400707
23324,2918.71691918775
23325,3491.641100815997
23326,4223.588873233072
23327,3951.584431987777
23328,4218.844551924465
23329,4519.464090943599
23330,5139.0045100507195
23331,6401.968682627003
23332,7964.179447862527
23333,4545.134656262458
23334,4634.880216976706
23335,4274.911428606494
23336,3941.196706194758
23337,3613.8939381712103
23338,3290.9623513741203
23339,3685.6793298195494
23342,6510.773545865812
23343,6788.662482736327
23345,4378.42861684815
23346,4457.17647457839
23347,4701.094230328284
23348,6359.652534741143
23349,10846.35430327891
23350,9427.176548719111
23351,8062.320434446427
23352,6040.4285926393095
23353,3735.7440394119803
23354,3586.3901418528194
23355,3490.022343154911
23356,3883.470954088878
23357,3478.1030554614804
23358,3305.8282988039437
23359,3617.9794979292683
23360,3734.554502986788
23361,4243.398984039726
23362,6092.720251244345
23363,7345.589557278674
23364,7382.235813817169
23365,6700.59663462471
23366,7374.776341274297
23367,6718.943278014396
23368,6083.888559870347
23369,4687.251321422129
23370,4238.334538526889
23371,5200.847926424612
23372,4817.967989811268
23373,3913.1959295966117
23374,4095.369712798106
23375,4254.698129787441
23376,4283.857212746605
23377,4938.77591396697
23378,5366.041003670976
23379,4897.961370464822
23587,3565.2343528026754
23588,3563.1857482255186
23589,3575.0574654414013
23590,5030.054243295692
23591,6175.569845431688
23592,4531.592874229718
23593,4915.557993752997
23594,5249.330657191995
23595,5469.47136532872
23596,3261.528670126083
23597,2947.0390451625735
23598,2936.3822401737893
23599,3902.2671574734513
23600,5368.373487086166
23601,5269.984184553388
23602,5874.5888252235
23603,4655.074859894998
23604,6431.764957603205
23605,5086.676492226971
23606,4191.584292011287
23607,3977.2514643496534
23608,3850.9010653750497
23609,3506.8734285050464
23610,3050.129489041566
23611,3131.180462516962
23612,3705.358057011331
23620,5960.554871334441
23621,6315.688751020276
23622,7868.140676874991
23623,10124.810975425382
23624,6938.265184921647
23625,4427.55219318375
23626,3569.590446016161
23627,3316.993909244163
23628,3265.2940768963645
23629,3178.1502348890212
23630,3557.4492292447767
23631,3305.028372169308
23632,3958.2957082564944
23633,3678.5033862996297
23634,3955.2141827789146
23635,4959.9155110119445
23636,7577.2211602660445
23637,8945.721527187448
23638,6866.159112881253
23639,5308.45323132422
23640,5678.507352320006
23641,4890.746542206811
23642,4548.9227741604245
23643,4504.639474601172
23644,4813.728557275159
23645,4584.3376626678455
23646,3613.281589211947
23647,3783.901472360024
23648,4087.182947776557
23649,5158.122318346912
23650,3652.0060824025245
23651,3923.3437568936715
23652,5617.632254824072
23653,5168.99871636201
23861,3612.788674209107
23862,3773.3526664869332
23863,4211.987842025597
23864,6988.299760443113
23865,5001.809016941341
23866,4542.678574054468
23867,4534.185990022637
23868,6027.267991191726
23869,3960.7822291299135
23870,3190.5858499879864
23871,3071.4911399392386
23872,2995.405021244604
23873,3730.7040016880446
23874,5874.3715672310955
23875,5491.829279690244
23876,5643.555391767874
23877,5676.497569425996
23878,7313.97411447089
23879,4707.644330633624
23880,4479.913446775865
23881,4083.6974897443624
23884,2907.9038030628017
23885,3110.867571140159
23894,4714.342611951195
23895,4806.622185443713
23896,6480.215625634161
23897,8023.929368195213
23898,5710.300199502708
23899,3483.3621389582913
23900,3309.106964333854
23901,3185.1925089146357
23902,3193.387707860073
23903,3010.552249931586
23904,2969.3029147642596
23905,3054.678783351656
23906,3557.9301704437385
23907,3811.887290448695
23908,3701.502146453482
23909,5956.352723470778
23910,7088.699573334656
23911,6824.637715777902
23912,6590.735084580086
23913,5040.406949750799
23914,5886.127429588494
23915,4955.776466074558
23916,4889.911687555457
23917,4763.599654919261
23918,4649.334136063591
23919,4709.767799094547
23920,3551.8788153483342
23921,3464.625825227952
23922,3442.855152981679
23923,3892.4032122364
23924,3186.6096356415296
23925,3319.7255670999557
23926,3982.047317362337
23927,4451.623203755258
24136,3703.488249956479
24137,4548.204139862146
24138,6684.800317243413
24139,5594.2920307424065
24140,4744.844644782511
24141,4648.082588649659
24142,5916.203596615313
24143,5689.13016944021
24144,4146.455968208547
24145,3868.4557761969713
24146,3301.438652873778
24147,3107.748448642076
24148,3851.7027534506697
24149,5050.566270332967
24150,6740.755002552645
24151,5040.590129841259
24152,6674.691994809978
24153,5174.282008756434
24154,4777.195315240373
24155,5144.413661819195
24156,4834.5063965412155
24159,2942.533230942862
24160,3005.5931468881186
24170,4575.096896445415
24171,4710.599518908975
24172,7098.260750700891
24173,6740.25255081677
24174,3500.004735699714
24175,3166.7479321312176
24176,3192.7111319048527
24177,3105.5401259015894
24178,2995.435152979413
24179,2964.0444166537072
24180,3233.528594237744
24181,4159.958138739274
24182,4231.891782713755
24183,4320.566578855127
24184,6866.803445357607
24185,6077.477307774387
24186,5834.50859135529
24187,6589.6815841852185
24188,6054.176536855934
24189,6656.307475640877
24190,5025.901064670763
24191,4264.724439361639
24192,4381.952010546026
24193,4677.959194664434
24194,4796.8074863056145
24195,3371.66644962661
24196,3376.8617691512177
24197,3333.28240006561
24198,3384.5559504718817
24199,3190.472753038384
24200,3206.417989847478
24201,3286.6736277061227
24202,3266.350455231679
24411,4728.0222794910405
24412,5309.242251384131
24413,7685.308374147371
24414,5126.066140699714
24415,4593.4813462348675
24416,4547.569629168198
24417,5798.597804549316
24418,4296.073597852579
24419,3678.431907532797
24420,3065.570411317039
24421,3152.51031541247
24422,3141.920845371689
24423,3686.2232622565602
24424,4593.063820960068
24425,6147.257189156771
24426,6183.366594397331
24427,7735.65778538111
24428,4389.918111546233
24429,4323.93579280588
24430,4658.713438158632
24431,4788.832132075467
24433,2912.326745634434
24445,4588.495582376348
24446,4593.920070194583
24447,5151.979328271973
24448,7904.131814390059
24449,6279.868533441919
24450,5611.888401804469
24451,4856.783102094234
24452,4204.6885565951725
24453,3946.287226645693
24454,3450.2458840002864
24455,4084.4375196552955
24456,4256.549381156838
24457,4231.513312843837
24458,4809.423366374891
24459,6677.013524325112
24460,4285.724933317306
24461,4366.590488369606
24462,5774.690304962503
24463,5789.596353127988
24464,5669.661834495511
24465,5862.03723186493
24466,4640.462937427887
24467,4143.997970976934
24468,4437.990780399277
24469,5068.8012726676425
24470,3452.4735065996956
24471,3422.9154370600963
24472,3329.061166729816
24473,3395.2416581662333
24474,3167.233972424554
24475,3116.5017356622543
24476,2963.52046273005
24477,2961.9899553426976
24685,3678.2763641965007
24686,4193.263019151277
24687,8850.794517580993
24688,6572.2558842026965
24689,5243.950851993342
24690,4707.470454559225
24691,4485.082840170466
24692,6103.224847110321
24693,4455.862671488815
24694,3623.0346986064874
24695,3034.3240973070397
24696,3021.8908166770066
24697,3167.5318182847964
24698,3571.3042935531266
24699,3839.525236184608
24700,5578.877428440991
24701,6258.158193570918
24702,7005.1715655194275
24703,4299.473228925872
24704,4090.240576293666
24705,4549.307889417987
24721,4598.85950927488
24722,4356.4230820962175
24723,4912.002063772827
24724,9911.962918190675
24725,9007.599070327506
24726,6862.719905460537
24727,4444.243141350365
24728,5582.563995097947
24729,5357.115024820065
24730,4791.358399399467
24731,4250.050355431578
24732,4351.817624324587
24733,5099.985925952316
24734,6334.678838450417
24735,4496.712909374239
24736,4017.3596108629927
24737,4260.011620763332
24738,6152.457191473602
24739,7782.74492830939
24740,5385.270072587689
24741,4188.6541177447525
24742,4288.2844240622635
24743,4401.997738241516
24744,5396.0840824044335
24745,3461.6209296821044
24746,3404.878562408019
24747,3398.8818447272215
24748,3403.10306219371
24749,3035.785003178549
24750,3024.9486803382624
24751,2976.8304070332815
24752,2973.4734678171058
24753,2989.3612361071378
24959,3648.8779737671834
24960,3897.2458675793814
24961,6052.273073549617
24962,5962.375189681053
24963,5649.781285096698
24964,5033.906516968345
24965,4687.102666226908
24966,5502.323805422378
24967,6050.346953328977
24968,4294.985357927971
24969,3617.035657384631
24970,3139.9043295292777
24971,3069.0855774583824
24972,3169.8728365908146
24973,3717.978521608754
24974,4273.177925134007
24975,6365.805820399686
24976,5027.6970543538555
24977,6361.913744443745
24978,4372.561001696013
24979,4125.421632559741
24997,4307.530350950882
24998,4275.725817298212
24999,6217.295958573867
25e3,9606.810103711534
25001,7701.950484620491
25002,4383.191930477622
25003,4296.220477540313
25004,5207.86499679677
25005,5597.828280682224
25006,5456.777282575344
25007,5667.6249794158275
25008,4300.139455905441
25009,5120.906084495748
25010,5344.619148431433
25011,3563.574168500365
25012,3431.1777087673345
25013,3928.625929993318
25014,6134.263391447873
25015,4010.747303063913
25016,3989.016201520797
25017,4245.1974569221
25018,4569.183258894478
25019,5517.018528749331
25020,3591.716215252538
25021,3411.6598151690873
25022,3329.66780008785
25023,3269.1471841690823
25024,3063.263804217988
25025,3220.2991414859684
25026,3421.1871461969936
25027,3664.6240102943993
25028,3892.010884579209
25233,4235.922214397378
25234,6191.647361953397
25235,5534.497170587965
25236,5290.927552611056
25237,6021.860528140092
25238,4645.428408705341
25239,5264.849295349626
25240,6018.634148796409
25241,4400.383859843613
25242,3761.5679703783658
25243,3497.0120861120795
25244,3234.408906925047
25245,3039.433537044488
25246,3249.2411538723354
25247,4192.900392863758
25248,4679.099117212134
25249,6270.746607371388
25250,4940.792461725503
25251,6728.888153161878
25252,4178.089752498648
25272,4241.016800346905
25273,4352.104983605022
25274,6202.691735396442
25275,9708.590266885778
25276,4350.820316452574
25277,4186.970021291161
25278,3786.68800471872
25279,4508.344681580728
25280,5155.422955002992
25281,4640.395672125786
25282,3758.0221242963808
25283,4480.36423886344
25284,6928.137222724006
25285,3985.484382540023
25286,3619.569915486635
25287,4090.449261529925
25288,4959.27173575608
25289,4306.695004748517
25290,4237.70488722227
25291,4193.848641425871
25292,4778.932912397636
25293,5833.9926660544315
25294,4317.737268488439
25295,4222.546705493674
25296,4277.790584024971
25297,4338.67572772119
25298,4227.788567544808
25299,4141.71812994829
25300,4078.679492009201
25301,3948.0719329001877
25302,3815.103561258443
25507,4387.761042889167
25508,4409.041409461706
25509,4987.802080495903
25510,6672.891175958095
25511,6025.752261904052
25512,6563.796835278283
25513,4951.102889482834
25514,4030.23031800852
25515,3460.304797856503
25516,3329.260133452071
25517,3183.4223863440907
25518,3005.711012092484
25519,3284.1741881917405
25520,3901.2045255293297
25521,5995.19992445416
25522,5500.209846377256
25523,4970.677136000402
25524,6339.268430052845
25525,4443.4120990183355
25546,4229.948954762698
25547,4226.393430398533
25548,5011.520828763078
25549,6210.4395220966835
25550,5110.866120903418
25551,3888.388196683826
25552,3804.7574372830977
25553,4737.199864969611
25554,4768.1114919420625
25555,4199.53972891824
25556,4230.050637786335
25557,6989.983561136121
25558,5168.768234500094
25559,4467.8289358093725
25560,4748.026210535856
25561,4366.40340300399
25562,4406.832811121232
25563,5066.904824228159
25564,4901.167563851567
25565,6222.856049093255
25566,6057.992104913364
25567,4610.475165397733
25568,4266.297710379966
25569,3908.555940123061
25570,3742.9367488129774
25571,3638.155633428432
25572,3846.5653263811528
25573,4084.7190456655344
25780,4201.002241695764
25781,6485.309074165101
25782,5632.780696177753
25783,5151.016206409517
25784,4670.073472962722
25785,3831.6809702843775
25786,3399.539192173325
25787,3196.4543039218893
25788,3280.444517813635
25789,3079.348321115317
25790,2959.360999561648
25791,3390.822194001274
25792,4665.297598115301
25793,5930.5146203967415
25794,5150.19309444469
25795,6191.036517700461
25796,5635.863321644183
25797,4837.1228952214005
25819,4244.142180971054
25820,4205.280465088063
25821,4225.299533599807
25822,4700.179575132326
25823,5328.804557222873
25824,4984.435963306863
25825,4106.70059262522
25826,4065.4907423143186
25827,4364.471631820463
25828,4718.998697553863
25829,5846.480840251974
25830,7533.969582389793
25831,5859.010197075293
25832,5181.656007709504
25833,5782.683873469066
25834,6305.369295948075
25835,10192.268885171467
25836,7451.006063154982
25837,5242.0274738549415
25838,4566.471165847596
25839,4613.599782875093
25841,4474.345753349715
25842,4984.046844175985
25843,5500.53252532671
25844,5543.072272482044
25845,6386.9579181389945
25846,6744.151822318578
26052,4552.503197720823
26053,4860.601769171852
26054,4305.961572677312
26055,4028.466791422573
26056,3669.1487329393167
26057,3409.3995443993276
26058,3340.4666251998974
26059,3161.0027142422628
26060,3178.9777603402945
26061,3230.4802012952036
26062,4264.024640167192
26063,6732.095840270433
26064,5657.719744368408
26065,5159.167796265483
26066,7719.309403131341
26067,5989.33418825961
26068,4434.585768606978
26092,4277.287125614042
26093,4343.455353765306
26094,4374.150938256993
26095,4745.7047271314495
26096,5713.839075958498
26097,5434.440882387764
26098,4702.194228568122
26099,4471.539474531002
26100,4718.496515579162
26101,5687.051965195009
26102,7173.978031346234
26103,6495.927650694527
26104,5443.54205329406
26105,5098.201915468131
26106,5214.78042122608
26112,6970.494856795485
26114,4716.718014635166
26115,4318.591289087042
26116,4302.773962070723
26117,4588.227963003857
26118,5382.277157117086
26323,3990.233480118237
26324,3628.5530682612707
26325,3639.2872652678434
26326,3733.460948810952
26327,3710.6460339016667
26328,3283.0575314382086
26329,3286.491856538106
26330,3703.9205423280596
26331,4305.930766243102
26332,5591.862940041965
26333,6526.761786468281
26334,5217.548100441958
26335,5019.0956968850805
26336,9048.7478886068875
26337,5254.102237239463
26338,4607.282974581515
26365,4568.866244695851
26366,5448.605560830973
26367,4976.448227876837
26368,4910.7043064896325
26369,4966.678244463961
26370,4930.441503683211
26371,4686.1264493233175
26372,4466.8597553720865
26373,4539.97906394095
26384,4484.4980257279285
26385,4316.20911226328
26386,4727.384053668862
26387,5578.186092331614
26388,7839.075859505076
26598,3677.2323037225337
26599,3998.412678260186
26600,5615.960590204237
26601,6332.428154424992
26602,5167.768164732659
26603,4736.805799064681
26604,4989.355613853566
26605,10414.510140086877
26606,4679.890229523689
26607,4301.814752753464
26653,8881.568399166314
26654,7566.755178539555
26865,3912.704603458279
26866,4281.52843497912
26867,6557.0477338162855
26868,5177.272025472202
26869,5268.737843624867
26870,5076.825757559633
26871,8950.843946550123
26872,9720.053489583224
26873,5311.493528329249
26874,4344.273578372037
27131,4236.610082306815
27134,5998.088412448076
27135,6488.900559767499
27136,8009.044830028593
27137,11012.089961399532
27138,5930.97922248859
27139,7103.099772268959
27140,5589.052410686221
27399,9878.598681246245
27400,8393.770013168869
27401,7563.370631097841
27402,9988.290925714784
27403,6063.4093680772
27404,7361.878407209526
27665,5633.950002668397
