block_group,UFP_mean,asian_non_his,hispanic_any_race,black_non_hisp,two_or_more_race,white_non_his,american_indian,house_less20k,house_20_35k,house_35_50k,house_50_75k,house_more_75,education_less_highschool,education_highschool,education_some_college,education_college_degree,education_graduate,age_less_5_male,age_5_17_male,age_18_65_male,age_more_65_male,age_less_5_female,age_5_17_female,age_18_65_female,age_more_65_female
420035628001,12508.536907283295,5,2,137,6,461,0,62,28,36,73,73,25,183,133,102,20,22,34,209,38,6,30,247,26
420035625004,10624.5490140056,30,0,982,122,353,0,121,93,74,75,146,69,245,298,124,114,112,221,419,32,23,123,493,69
420039804001,10022.594360505971,0,0,0,0,0,0,0,0,0,0,0,0,0,0,0,0,0,0,0,0,0,0,0,0
420031414005,15473.689926725672,124,120,29,16,741,0,167,66,95,151,124,0,48,85,276,297,13,25,405,0,115,39,420,13
420032614001,10270.929329044306,0,0,409,0,30,0,32,27,27,29,58,0,130,72,44,65,0,55,161,38,24,30,116,15
420035628002,11811.90184824118,26,20,35,28,927,0,211,60,56,94,112,115,248,277,124,61,36,41,322,79,42,29,356,128
420035632002,21039.905184651547,11,42,265,20,573,0,285,118,53,103,87,167,308,162,104,121,0,25,445,88,0,8,265,102
420035626002,11271.33116226203,0,33,103,138,787,0,165,74,52,89,51,43,338,226,9,44,20,150,329,41,0,140,305,82
420039807001,16632.37440148141,0,0,0,0,14,0,0,0,0,5,5,0,0,5,0,5,0,0,5,0,0,0,9,0
420035627001,14576.083074505845,0,14,7,10,296,3,21,32,28,23,65,16,32,62,109,88,0,10,187,27,0,0,82,27
420032615002,10477.324990976482,0,52,325,14,394,0,146,6,70,79,64,47,140,173,90,54,17,100,242,12,7,22,317,61
420030709003,12077.176629361145,416,6,44,4,423,0,252,11,16,49,93,0,11,38,61,141,0,0,567,35,19,0,277,28
420039806001,17061.85498920153,0,0,0,0,4,0,0,0,0,4,0,0,4,0,0,0,0,0,0,0,0,0,0,4
420035616001,11690.335228728729,0,0,190,43,15,0,99,15,0,7,0,28,24,51,0,0,59,5,29,0,52,0,82,6
420031401003,10571.18153227646,116,4,44,3,127,0,0,0,0,0,0,0,0,0,10,0,0,0,179,0,0,4,151,0
420031517003,10267.280629950827,0,0,0,0,748,0,60,26,14,39,218,0,189,88,149,153,87,17,189,83,0,3,263,106
420031517004,10326.553814992347,0,56,12,22,723,0,14,51,16,85,155,0,124,125,199,185,18,12,323,63,17,30,262,65
420031609002,17265.196108024913,72,78,81,9,1810,0,301,137,116,185,420,58,264,215,410,414,5,21,745,59,31,100,794,235
420031702001,17694.24582657535,0,0,0,0,625,16,184,0,88,25,103,25,26,100,131,101,0,0,396,0,0,0,173,58
420031702003,13960.299721740977,29,0,20,32,1167,0,117,144,120,64,112,30,283,72,196,54,18,15,723,36,0,0,337,105
420031706001,12099.785503278059,12,21,8,0,309,0,34,29,38,24,87,20,26,91,102,88,0,4,219,13,0,5,77,32
420031706002,13972.399670436183,0,62,0,24,600,0,54,51,79,53,92,47,203,92,76,74,0,25,281,46,0,30,230,53
420031807003,13251.004523327385,0,5,297,41,422,0,126,59,52,96,11,68,172,172,82,47,10,42,256,71,4,61,220,109
420031903001,14238.015553131292,0,55,4,6,1017,0,104,45,22,100,303,49,135,202,298,168,12,52,421,73,11,3,406,104
420031916002,12096.625173716393,0,83,210,15,495,0,58,92,54,85,65,92,69,262,135,46,53,26,237,7,23,24,300,117
420031916005,12268.305877581999,0,78,168,0,968,0,51,39,51,107,245,229,163,301,147,83,36,55,467,92,5,87,343,114
420031917001,11416.652427401394,31,67,196,77,1921,0,145,176,163,169,352,109,550,500,296,248,49,159,806,174,42,177,682,211
420031917002,10823.655333936898,0,7,51,36,385,8,0,45,8,41,84,57,64,67,119,45,21,14,157,17,24,46,172,26
420031917003,13649.717956599361,48,10,36,30,816,5,75,72,49,45,104,79,210,173,165,52,0,110,367,16,0,75,324,53
420031918002,10004.830604326307,0,0,0,0,342,0,13,76,0,54,55,0,83,72,49,61,0,22,108,10,11,22,92,77
420031918004,11659.943246744246,0,0,23,0,751,0,20,88,40,109,84,120,136,202,90,58,0,89,311,48,0,14,297,34
420031918005,11191.980693501067,21,0,0,21,769,0,12,56,15,235,65,0,264,178,102,21,32,63,289,23,32,21,316,35
420031918006,10326.443826362314,0,122,26,0,1055,0,46,113,69,159,101,87,166,204,227,102,103,90,407,49,31,69,427,36
420031918007,9991.417420676391,0,54,47,0,509,0,71,50,14,65,76,16,217,205,73,0,0,55,90,53,20,24,289,79
420031919001,11392.43004527477,0,0,50,77,583,8,24,68,66,50,120,23,214,118,109,49,45,36,230,35,30,78,206,58
420031919002,11181.590248183633,26,0,62,28,655,0,93,67,17,71,126,42,175,148,129,91,19,72,316,24,17,9,259,50
420031919003,14195.859147601583,31,0,99,0,285,0,50,44,29,55,46,35,76,142,26,33,9,11,129,43,0,20,146,57
420032406001,13338.290327050277,81,41,77,54,989,0,145,100,83,107,275,56,337,155,264,278,38,17,596,56,17,24,403,91
420032406002,13478.476629108223,0,8,234,33,705,0,108,121,113,76,31,32,276,205,63,65,0,130,244,49,16,68,374,99
420032412001,10702.760074960774,0,0,39,6,252,0,38,46,20,18,17,84,119,27,16,0,7,10,115,31,5,18,81,30
420030103002,16269.599754241375,104,139,253,99,2924,0,0,0,0,0,0,3,0,26,24,42,0,0,1165,22,0,31,3442,0
420031918001,10740.188510864928,111,0,16,0,447,0,23,56,42,41,65,73,231,58,53,27,0,16,177,86,53,32,133,68
420030806002,14290.420976585401,8,0,10,10,667,0,76,100,35,92,124,16,71,52,245,170,21,33,296,0,0,17,293,35
420031403002,11297.211368070288,84,36,120,0,671,0,46,49,42,42,272,13,70,95,178,360,9,40,252,127,16,74,245,143
420031608002,14019.529483209291,0,0,139,21,662,0,29,64,34,33,154,43,82,111,169,67,36,19,385,56,32,27,241,26
420031608003,10052.109903621098,0,11,0,0,706,0,67,64,15,100,83,75,139,188,90,32,0,33,360,27,0,71,170,56
420031608004,11324.748744303288,0,26,143,83,684,0,66,74,53,100,77,18,257,160,121,63,0,22,523,16,14,68,265,28
420031609001,14301.902043491284,42,12,60,0,1120,0,121,64,10,72,225,31,130,128,77,329,0,24,755,56,0,44,332,77
420031803001,11860.141367214264,25,0,290,75,516,0,194,54,68,74,44,34,333,202,64,21,21,119,223,26,17,69,333,98
420031803002,12745.399217525568,0,0,275,59,253,0,74,65,84,25,8,51,188,88,24,27,0,67,141,42,20,69,227,32
420031803003,10982.190533662786,0,18,393,17,361,0,75,85,28,54,37,31,177,182,8,6,0,179,81,33,22,130,310,34
420031706003,11732.518815321804,0,21,73,0,592,2,94,52,40,63,57,67,164,127,122,18,0,48,423,20,4,14,154,25
420031807002,12157.605370692345,0,0,95,31,659,0,59,59,50,65,97,31,172,196,66,49,20,92,306,33,61,29,219,25
420031903002,11222.75342897052,0,20,42,32,681,0,20,120,29,108,176,0,183,188,211,80,0,7,292,101,0,27,274,77
420031911002,12511.409333459858,53,0,0,28,1282,0,135,84,59,74,278,88,258,229,261,169,36,63,458,165,92,53,375,129
420031914001,13128.679171489355,11,13,165,41,1398,7,215,130,87,110,383,76,239,266,496,171,78,34,685,56,10,0,582,183
420032609001,11278.011198287431,0,108,1252,43,37,0,331,98,35,35,11,149,364,111,13,32,80,216,285,34,94,194,519,52
420032612001,13337.961534814478,0,0,99,10,1020,0,25,73,72,114,210,53,289,236,189,86,34,79,372,75,41,71,335,122
420032614002,11047.143729753856,0,0,295,0,115,0,94,79,31,0,21,71,122,93,25,0,22,24,122,22,0,23,173,50
420032701001,11301.876349929307,10,17,157,56,1473,4,44,110,119,147,247,36,261,372,301,181,67,96,509,86,92,113,677,122
420032701002,11257.361783115854,0,39,248,6,441,0,38,104,55,84,56,62,179,200,89,57,0,59,217,73,9,60,254,51
420032703001,10600.926060583632,0,0,471,107,839,0,129,128,56,151,117,133,430,221,135,43,20,131,442,120,54,63,487,123
420032708001,10264.257552189862,0,9,73,14,667,0,91,53,8,82,83,26,205,117,168,66,0,70,195,99,23,71,132,173
420032708002,10852.476113471144,25,0,192,53,587,0,84,40,67,75,134,20,168,168,218,96,50,48,300,54,31,9,297,81
420032715001,10337.296811452108,0,0,82,35,567,0,29,71,22,78,60,72,197,125,68,0,28,162,217,28,20,28,183,67
420032715002,11683.11048719618,0,8,468,169,393,0,86,127,98,54,45,53,266,130,91,33,62,57,232,35,53,66,461,86
420032715003,11058.148488858324,0,27,337,0,570,0,149,40,27,85,57,135,157,99,80,45,52,94,281,59,22,65,278,57
420032902005,12066.762484730642,0,0,137,95,816,3,49,51,68,46,144,50,243,314,110,35,18,91,376,61,6,92,385,41
420033102001,10430.903899645065,0,0,0,0,524,0,63,39,46,57,31,15,174,105,61,19,0,37,142,47,0,73,122,95
420033102002,10577.541222846996,0,8,0,0,783,0,31,75,40,51,101,43,317,128,61,7,13,95,285,57,39,27,222,71
420033103001,10308.062302869263,0,20,58,33,875,0,39,59,30,80,177,81,236,168,138,102,28,94,286,50,0,84,328,123
420033204001,11943.952387849917,0,0,45,25,804,0,43,66,86,86,65,34,361,165,65,30,16,47,194,92,24,99,278,143
420033204002,12346.137319777998,0,15,48,19,634,0,39,15,75,61,81,36,200,139,80,53,54,36,214,42,48,44,226,51
420033204003,13066.83098201603,6,13,0,6,499,0,40,84,36,48,37,23,216,74,36,30,11,29,192,32,0,22,154,55
420033206001,11320.63491527272,0,0,62,18,1118,0,55,76,81,138,155,49,368,253,147,51,11,85,370,79,51,113,378,116
420030203001,18180.87707804967,62,20,41,18,680,0,49,37,36,93,338,3,21,91,308,322,8,0,404,27,9,17,332,24
420030305001,12901.888177764573,25,100,843,83,144,20,326,112,59,74,77,185,383,229,138,60,24,39,459,92,35,127,342,181
420030305002,11495.083028021965,0,116,839,12,26,0,295,76,19,57,22,100,241,264,45,5,33,79,274,69,30,101,224,183
420030506001,11799.667032961912,0,0,540,0,218,0,141,43,118,43,89,87,175,155,124,62,17,28,170,86,14,40,180,223
420035626001,15423.447047663922,0,0,23,39,159,0,22,16,30,7,16,0,29,34,18,7,0,0,112,18,0,0,100,13
420035624002,12077.196264149947,0,22,253,23,73,0,71,49,20,21,19,11,71,82,33,22,0,28,105,10,39,4,111,74
420035629001,11434.209090107395,35,0,200,11,359,3,107,56,42,25,4,46,176,150,32,0,11,66,224,21,8,85,171,22
420035619002,10200.589734810907,0,0,1232,79,134,0,222,166,58,117,98,126,424,342,123,73,24,147,375,118,19,91,429,214
420035632003,15740.11740496262,10,27,177,0,800,0,201,127,35,152,90,87,318,132,212,92,12,41,452,55,8,43,324,75
420030201006,19034.3740074027,74,0,0,9,440,0,33,23,23,42,202,0,38,87,102,223,10,0,275,24,0,0,203,11
420039818001,10730.646480723593,29,30,63,15,160,0,13,4,0,0,0,0,8,4,5,0,0,45,86,9,0,2,205,0
420035625001,14589.959946337287,0,0,26,0,187,17,13,13,64,6,18,12,102,51,38,8,0,6,113,17,0,6,82,6
420039800001,16991.956256361296,35,13,18,0,191,0,8,14,16,13,106,0,42,30,70,81,9,4,112,12,9,0,94,17
420035620002,15055.766610174962,174,16,47,26,493,16,265,134,20,13,68,72,25,72,68,186,0,0,317,20,16,0,365,89
420031516002,13461.35929358704,19,16,9,34,770,0,82,60,39,83,83,67,250,146,132,60,9,61,249,71,17,52,243,140
420032509001,11709.994722338712,0,6,481,16,200,3,160,83,46,31,64,24,197,148,61,6,51,60,257,16,31,40,262,26
420032614004,11090.576111025135,8,6,259,18,204,0,66,41,83,58,6,32,147,136,81,25,0,12,182,49,0,1,123,128
420035625003,14658.917791344027,0,0,553,85,214,0,227,74,39,22,7,53,335,88,26,43,21,119,202,94,92,55,270,67
420035630004,10278.737123586543,0,0,392,14,31,0,79,37,40,61,34,47,133,127,46,43,0,0,110,62,0,31,137,97
420035626004,11513.138176178483,0,12,43,0,372,0,98,22,30,9,34,54,155,64,10,21,20,51,147,5,0,9,161,34
420039810001,10295.118068578524,0,0,0,0,0,0,0,0,0,0,0,0,0,0,0,0,0,0,0,0,0,0,0,0
420031106002,10220.303978803222,12,31,70,0,765,0,21,25,39,60,175,16,103,73,91,268,50,191,183,59,0,82,202,111
420031204001,13301.534449791681,0,0,372,3,7,0,98,44,7,6,6,26,121,96,4,0,0,47,100,20,12,45,107,53
420035616004,10068.869525291557,0,23,90,13,347,0,39,37,20,31,58,24,110,146,36,5,13,21,195,12,0,9,217,6
420035620003,11012.489944048442,29,60,151,36,372,0,127,27,38,44,74,34,65,49,47,263,0,44,168,95,0,38,203,138
420035629003,11006.582712063122,113,12,101,14,673,0,49,76,72,81,151,21,204,235,137,99,47,42,290,78,4,54,306,107
420030902003,12324.67691487003,6,11,43,0,796,0,141,69,60,39,58,126,243,143,165,77,0,37,231,144,26,32,168,218
420031011003,13031.289330506936,31,10,38,17,443,0,44,104,29,76,65,39,154,128,70,48,0,33,243,27,0,0,142,113
420031406003,12125.145552754466,0,19,168,27,827,0,141,25,96,99,153,48,53,182,258,234,36,54,294,22,0,121,454,72
420030103004,19811.76928059151,58,5,100,3,141,6,57,12,21,37,24,6,59,105,54,24,0,18,144,11,22,7,98,13
420030409003,11918.151187476886,7,0,59,14,874,0,168,19,33,45,96,10,64,129,94,50,0,69,609,9,0,16,179,55
420035623005,10327.03795322008,0,34,39,0,441,0,104,38,0,46,38,0,146,140,69,26,4,35,133,48,5,58,171,60
420030201005,21123.924964162474,0,0,0,0,13,0,0,0,0,0,13,0,0,0,0,13,0,0,13,0,0,0,0,0
420030603001,15223.22082425631,0,124,286,14,818,0,87,192,29,191,125,33,220,263,229,184,28,92,448,33,22,40,527,54
420031608001,12953.399841283652,0,18,23,0,411,0,84,49,29,0,55,23,138,59,92,24,0,8,222,36,10,10,143,30
420032904003,10564.7182297685,0,60,36,70,558,0,75,26,84,38,104,82,178,109,151,30,20,21,285,52,31,31,202,67
420039811001,10409.876219901567,0,0,0,0,5,0,0,0,5,0,0,0,0,5,0,0,0,0,0,0,0,0,0,5
420031916004,10402.644957297205,0,6,25,116,688,0,64,101,42,96,89,68,226,185,153,40,12,15,386,39,93,9,236,45
420035623002,10132.05009303573,0,17,692,0,179,0,163,27,50,29,0,147,177,231,11,6,50,90,159,73,38,28,299,179
420035632001,18650.376642234718,26,0,0,0,184,0,7,30,0,40,85,0,8,19,65,75,0,15,106,9,0,0,80,0
420039822001,12137.527343508527,341,61,276,126,3938,0,15,3,0,0,4,5,4,4,8,0,0,42,1916,0,0,43,4513,0
420035630001,16934.93351418556,69,56,249,9,876,0,39,24,25,117,253,53,170,233,295,143,16,34,528,37,78,21,488,57
420035620001,15034.852474400957,513,55,131,0,586,0,483,170,132,31,112,18,34,48,368,259,17,0,618,62,0,0,482,100
420035624001,12422.226512000541,47,37,21,52,794,0,80,62,16,109,144,35,314,229,59,40,21,84,282,82,17,86,280,88
420030709004,11995.628194257022,465,10,28,11,475,0,244,153,31,14,141,48,13,30,177,332,10,0,390,39,32,0,527,67
420034790001,13513.684682495768,4,0,0,28,911,0,60,42,59,109,107,65,309,210,103,29,42,48,308,68,0,71,256,150
420039805001,11097.85464037554,0,0,0,0,17,0,4,0,0,0,4,4,0,0,0,13,0,0,5,8,0,0,0,4
420035619001,10270.083126815001,0,5,920,16,195,0,156,105,59,13,34,158,339,119,140,49,5,83,333,234,0,59,290,180
420035623006,11932.021308613499,26,9,811,13,253,0,306,8,0,12,76,74,311,251,97,39,42,115,316,63,98,85,308,85
420035623004,11281.225151909723,0,0,113,50,300,0,131,21,19,29,0,20,192,131,13,21,9,35,188,11,16,14,147,43
420032614003,10226.126233974923,0,0,454,0,105,0,123,47,41,21,0,61,190,36,7,12,82,124,47,24,0,47,106,129
420031920002,13464.581078092471,8,0,30,14,553,0,94,9,30,42,88,63,229,97,131,16,0,23,235,47,0,0,183,126
420031517006,11803.622399241929,0,49,131,48,959,0,80,72,119,87,150,31,246,269,152,177,52,67,370,28,17,158,425,88
420031414002,11405.750554558042,0,0,0,0,514,0,0,14,47,61,110,0,32,112,163,162,0,7,149,71,0,38,168,81
420030103001,15998.463835479422,9,79,1171,127,980,18,0,0,0,0,0,265,896,536,53,27,0,17,2145,9,0,0,204,0
420030201001,17473.228704204554,140,97,110,54,1216,0,20,13,0,12,224,0,53,41,121,200,0,12,627,33,0,13,1206,26
420030201002,19340.324288425778,41,0,160,0,877,8,321,163,22,88,242,35,154,241,211,361,0,0,342,137,0,0,482,171
420030201003,23346.59896571811,43,14,0,0,262,13,0,0,0,0,195,0,0,51,104,128,12,0,164,0,11,26,119,0
420030402002,11505.009121549732,69,8,205,25,395,0,44,23,19,13,15,14,53,44,63,48,10,0,147,7,0,4,537,101
420030404001,17954.675023829685,151,28,100,0,203,0,205,15,18,20,36,0,9,8,31,72,0,0,224,21,0,0,264,30
420030405001,12657.07669567755,107,62,67,0,1368,0,275,58,34,37,15,8,24,26,10,6,0,0,557,14,0,17,940,0
420030405002,14978.356771630495,192,35,116,32,1745,0,369,139,93,34,31,8,67,7,113,124,0,0,768,43,5,6,1196,46
420030510002,10234.613105233493,115,26,378,44,687,0,109,59,24,7,25,38,114,61,31,49,14,9,646,34,0,27,731,74
420030511001,10538.70814478824,0,0,187,0,0,0,57,38,17,6,0,45,59,18,10,0,24,17,47,7,0,0,68,24
420030603002,16292.586863432356,13,21,55,157,1045,0,131,119,48,113,232,93,140,347,406,89,7,91,474,64,7,82,423,143
420030605001,15550.06885771802,0,4,55,10,682,0,149,67,50,29,126,53,165,141,153,108,6,14,343,31,25,13,243,76
420030605002,12934.046111238966,0,27,19,30,460,0,66,52,42,38,99,26,136,126,122,40,4,3,248,28,7,5,206,28
420030703001,13251.011789610033,0,28,0,0,556,7,47,10,123,57,150,0,25,101,215,116,0,0,224,0,28,8,321,10
420030703002,13529.76060234048,75,39,65,10,510,0,57,57,47,76,96,67,65,29,187,210,0,22,244,68,12,0,251,102
420032602001,12579.051035303675,0,7,174,0,426,0,62,66,28,45,74,67,103,159,106,49,22,35,220,26,13,25,236,30
420032602002,10208.8067809867,0,14,236,21,690,0,47,91,121,77,84,58,276,186,108,101,14,85,322,90,13,22,320,99
420032602003,11942.601269681461,0,8,116,14,363,3,29,44,16,43,74,8,77,109,92,33,8,72,215,0,15,29,154,5
420032607001,11469.503571045632,0,27,214,15,279,0,47,60,27,30,78,70,74,163,63,58,40,11,187,31,7,21,197,27
420032607002,10753.00903109567,0,125,376,23,637,0,41,45,111,61,202,78,163,197,280,122,30,80,403,77,90,35,336,110
420030409001,17570.002263952974,49,20,127,40,651,0,225,81,44,23,8,60,65,57,76,49,9,0,492,51,0,9,258,36
420030409002,13625.14842243352,194,47,108,59,758,0,196,28,61,110,86,47,142,103,109,127,22,44,550,31,0,13,392,78
420030501001,10408.074357682803,18,0,571,0,21,0,105,62,65,31,29,94,138,185,25,24,6,12,125,30,25,18,315,73
420030406001,11629.143205101675,76,53,131,72,1606,0,440,206,86,83,50,121,9,125,130,40,0,0,906,72,0,0,749,61
420030501002,10716.936221429898,0,0,380,83,6,0,133,12,11,22,50,53,128,126,23,26,0,12,84,12,0,58,292,40
420030501003,11276.818085491053,0,0,745,121,142,0,258,94,17,31,46,116,165,229,22,19,86,74,211,85,106,28,293,133
420030703003,12747.19266007143,31,8,48,10,627,0,35,18,50,48,177,0,41,28,147,282,20,39,202,74,0,107,206,76
420030705001,10863.13873963786,373,42,24,16,852,0,86,146,106,155,226,14,34,65,373,458,10,28,542,43,41,31,594,18
420030705003,16473.91191187496,227,37,7,17,619,0,157,48,43,81,214,0,23,37,330,356,0,9,390,25,11,0,413,59
420030706001,11486.61277070515,131,19,34,9,571,4,56,70,72,100,202,0,57,62,140,300,0,0,336,56,19,9,264,84
420030706002,11340.031058790844,105,71,12,45,977,0,136,157,146,132,162,7,78,85,369,457,30,12,504,89,24,0,453,102
420030708001,15299.829146765134,87,69,44,0,525,0,125,39,43,82,159,2,32,85,217,265,12,5,342,22,4,6,276,58
420030708002,11698.776733979836,453,41,2,12,618,0,137,61,85,142,156,11,15,81,212,442,29,63,372,99,42,10,455,56
420030709001,13341.3418268949,439,41,96,60,1229,0,242,167,98,183,292,64,142,137,516,499,7,25,835,142,0,15,729,93
420030709002,12667.332270750525,281,31,76,16,424,19,268,39,61,14,157,0,40,120,159,227,41,19,415,65,0,26,217,64
420030901001,14986.634974597786,27,27,159,0,1182,0,102,92,118,156,261,48,281,221,292,325,20,10,599,64,4,30,589,79
420030902001,13560.883666667482,0,51,73,61,760,0,48,32,54,97,212,8,140,241,196,156,40,49,354,43,24,12,385,34
420030902002,11463.386173921368,55,13,27,51,842,0,84,112,39,165,118,59,218,82,250,189,35,0,331,61,10,0,436,115
420030903001,14228.4747109929,15,4,218,7,952,0,135,130,136,87,97,64,269,255,278,112,39,22,502,40,22,8,484,95
420030903002,15559.690574303244,5,18,12,7,438,0,42,80,49,27,65,49,129,32,111,92,0,0,207,25,19,33,142,54
420031016001,9943.968983496105,0,16,990,3,37,0,150,71,67,39,45,72,232,154,6,55,64,135,206,16,78,146,371,66
420031017001,11192.557363326008,0,21,279,12,222,0,97,37,42,23,43,23,187,130,55,67,0,6,201,35,8,0,224,70
420031017002,10684.935376141806,0,0,533,47,248,16,145,56,37,72,71,12,222,227,149,29,23,129,242,15,10,30,393,43
420031102002,10953.533634985255,4,39,389,13,565,0,26,32,85,16,187,3,91,134,93,317,68,84,316,19,101,29,313,121
420031102003,10507.68425589703,133,59,169,83,673,0,80,94,62,148,211,17,166,233,207,291,20,48,446,124,18,51,348,62
420031102004,10752.576715139,0,72,741,22,630,0,130,194,69,32,141,0,369,236,139,109,33,215,522,45,0,139,406,108
420031115004,15552.839715558683,0,0,670,12,11,0,117,39,75,38,0,86,56,120,74,11,0,9,115,24,0,188,422,34
420031203001,12142.877050655485,0,0,1009,32,38,0,124,90,55,35,124,40,379,220,57,68,0,131,373,20,36,61,362,102
420031203002,10809.792014739047,0,90,426,55,0,0,121,86,18,39,8,48,144,165,18,13,21,22,118,43,28,70,226,73
420031204002,12365.202031365858,0,13,261,0,26,12,110,35,11,14,7,15,99,113,13,2,7,51,93,10,0,0,107,44
420031207001,12140.671912768896,47,1,472,42,5,0,122,119,25,36,0,87,211,184,25,8,0,0,146,73,0,47,126,175
420032615001,11278.057566553498,6,0,386,31,267,3,170,70,58,44,52,27,200,180,76,40,35,80,147,67,0,43,264,57
420032620001,11113.673119354247,8,0,160,10,862,0,153,178,55,76,94,125,388,193,93,55,43,42,284,104,26,48,309,184
420032620002,10930.334602731718,0,0,453,9,193,0,148,27,49,43,9,77,154,96,36,3,143,0,104,53,0,46,242,67
420031005002,10400.270213267311,0,0,1047,18,340,0,100,117,98,98,142,77,300,283,172,129,140,107,412,49,21,90,495,91
420031011001,10876.32781808917,0,60,451,12,898,0,151,140,113,117,129,82,266,190,334,185,89,164,409,27,31,33,603,90
420031011002,17083.456418465987,0,20,26,6,514,0,64,45,39,87,45,29,114,77,144,56,0,21,232,9,0,45,258,23
420031005001,10308.772769822403,10,9,410,86,225,0,98,39,57,59,99,74,98,185,108,112,10,29,176,75,28,19,251,152
420031014001,11914.50586727189,0,58,77,0,991,0,112,106,103,114,99,86,228,201,211,77,74,29,314,93,54,82,379,110
420031014004,10485.247972660174,9,0,27,19,603,0,36,37,47,80,89,18,92,100,197,106,33,32,201,28,10,51,242,70
420031106003,10392.756465504852,0,39,158,52,575,0,131,21,41,28,154,0,80,77,156,266,7,4,276,39,21,69,324,89
420031113001,11338.560954615014,20,67,202,20,447,0,71,37,33,38,120,40,66,136,151,168,24,43,303,0,30,57,289,10
420031113002,11481.543949807608,16,9,434,7,341,0,51,86,48,40,116,67,81,119,121,181,14,126,206,56,11,19,253,122
420031113003,11082.71077011239,0,45,326,11,71,0,77,96,53,13,34,48,100,113,84,20,18,45,145,48,18,17,199,8
420031113004,11102.051979682643,44,22,370,21,180,0,127,40,54,49,80,36,106,115,136,88,7,35,198,61,10,38,223,53
420031114001,12345.101253698076,5,12,327,43,109,0,69,35,29,39,37,26,73,139,69,52,7,19,194,35,22,37,176,19
420031114002,11016.317509451153,10,39,577,110,115,0,201,29,49,102,29,82,156,239,74,32,7,70,258,15,0,139,297,101
420031115001,14814.861302161184,34,6,432,22,137,0,190,117,60,29,10,53,202,152,42,62,13,10,165,25,11,65,253,89
420031115002,14364.446888156177,228,14,706,24,528,0,302,268,118,109,121,26,180,186,343,249,169,5,552,55,11,44,550,122
420031115003,18246.656540835556,21,7,102,3,41,2,70,0,0,10,11,11,53,26,27,24,0,0,50,4,22,0,63,37
420031207002,13716.734926757812,0,0,296,0,0,0,58,14,19,6,13,50,67,36,6,0,40,18,37,13,0,41,144,22
420031208001,11002.330821949046,0,0,247,0,0,0,63,15,18,18,0,51,57,58,3,0,6,49,18,33,0,22,80,39
420031208002,16392.95155585784,0,0,356,0,155,0,34,13,15,31,20,118,172,66,11,0,39,57,102,95,11,0,107,100
420031301001,10569.688017068001,56,13,717,36,0,0,161,65,88,10,27,74,123,191,17,31,63,48,186,51,69,64,329,7
420031301002,9947.757250774555,0,0,585,6,0,0,78,59,13,14,8,26,139,138,24,20,32,61,118,37,46,89,186,38
420031301003,10425.141927031375,0,0,258,86,0,0,154,22,21,6,0,49,60,62,12,15,20,25,66,30,10,49,111,33
420031302001,10906.42994440295,0,0,651,0,0,0,54,74,34,10,15,57,70,129,6,13,8,81,104,24,39,172,182,31
420031303002,12056.695326816554,16,0,449,0,11,0,93,0,8,26,44,5,36,124,26,54,0,6,109,13,28,126,185,16
420031405001,18396.271110504218,0,0,357,13,251,0,57,55,63,51,100,55,66,199,115,84,7,25,231,54,0,39,235,30
420031405002,11749.92260167019,10,0,146,0,244,0,47,39,0,54,70,13,34,88,135,52,20,14,142,26,0,3,172,35
420031405003,11673.518551863841,19,15,219,15,598,0,83,45,43,139,186,0,59,109,249,324,8,0,353,44,2,6,400,80
420031406001,10861.384696910827,39,0,72,32,1237,0,75,78,18,81,346,11,65,94,302,552,27,104,423,177,131,24,358,136
420031406002,12765.668289607573,44,0,56,9,674,0,28,5,19,42,219,8,65,53,149,318,22,62,247,44,16,71,278,49
420031404003,11340.164417007925,31,57,31,18,864,7,32,16,22,53,284,5,35,41,208,463,15,83,298,72,26,95,334,85
420031408001,11490.37922372587,115,51,34,71,1757,0,52,82,27,141,473,0,118,229,407,718,102,151,596,153,62,175,611,174
420031414003,13113.250024753492,13,11,261,28,739,0,0,25,17,42,265,13,0,199,221,267,14,49,344,49,12,92,414,65
420034803001,11159.37203297259,0,14,0,0,692,0,18,18,30,116,96,38,193,190,40,81,14,28,290,69,7,95,150,53
420031303003,11916.191192509023,0,3,521,0,14,0,226,53,21,22,11,50,163,172,29,20,17,26,142,48,0,19,155,125
420031304001,12180.549959201257,0,0,299,0,0,1,69,39,9,5,6,37,71,43,1,5,15,17,21,26,40,20,109,45
420031304002,13796.007044249043,0,0,363,22,0,0,97,19,0,37,10,61,53,68,29,18,34,49,90,22,11,7,116,57
420031304003,11044.248489751888,38,0,271,43,32,0,47,54,11,30,14,46,85,43,35,20,0,25,121,18,29,49,101,41
420031306002,11261.958885985367,0,0,470,36,51,0,128,90,13,61,18,27,247,148,10,20,0,0,153,97,16,32,183,76
420031306003,10004.990646357413,0,0,1465,44,114,0,409,108,64,53,90,62,409,325,82,61,75,94,316,92,95,233,670,64
420031401001,11581.289420639941,141,42,86,9,884,0,71,33,8,20,251,20,11,73,160,323,15,93,448,73,42,28,379,87
420031408002,12898.802134960872,250,105,3,19,1128,0,94,137,19,111,315,64,55,86,307,619,51,93,584,100,35,84,463,84
420031408003,12226.248261446854,257,0,0,0,851,0,212,62,35,31,152,12,44,44,259,247,20,59,422,32,16,69,345,145
420031410001,10852.059865669673,9,23,13,0,1014,0,29,35,82,98,237,10,64,78,228,406,40,130,323,61,28,53,316,104
420031413001,11384.27921159033,220,15,21,0,1071,0,76,82,67,56,298,35,166,107,232,476,17,94,372,153,26,59,297,277
420031413002,13124.187356876668,518,43,20,105,1128,0,244,77,139,206,222,20,213,135,314,528,46,77,705,60,56,107,774,52
420031413003,12387.991863985088,577,121,70,54,1404,5,250,202,121,103,314,151,139,204,686,478,17,21,785,203,13,65,846,296
420031516001,10789.420088724873,9,116,47,0,985,0,28,84,17,115,259,46,256,200,197,204,55,60,423,40,19,55,465,55
420031516003,10132.91534207621,46,85,0,43,523,0,10,41,53,56,102,0,157,137,118,86,10,8,257,31,49,61,270,11
420031403001,10963.188759660892,0,22,63,66,565,0,48,28,19,29,145,12,63,42,129,229,29,76,193,25,22,60,264,54
420033001002,10767.882992996254,254,35,297,32,33,0,83,9,16,0,61,74,167,34,17,17,87,31,143,17,27,72,274,0
420030705002,11992.336760208806,72,62,46,20,747,0,133,49,88,122,117,0,34,30,238,261,10,0,414,14,13,0,496,0
420031303001,12909.10065763193,0,25,323,34,17,0,73,36,25,27,21,30,74,122,19,15,0,35,90,49,0,60,116,62
420031807001,12576.384525371663,0,48,37,0,565,0,24,106,24,101,72,16,166,61,156,84,10,9,307,48,0,0,241,35
420031517001,13925.60398717773,24,89,0,38,943,0,31,26,96,152,137,0,35,230,210,293,54,0,443,59,71,47,340,80
420032022001,10369.621004408124,0,0,573,70,910,0,170,57,116,163,126,86,272,318,186,41,107,187,402,54,63,190,456,94
420032815002,10410.224245816069,16,15,70,5,789,0,61,39,104,159,40,29,163,267,104,41,16,118,268,36,41,39,306,83
420033001001,10820.883677484875,0,0,288,8,124,0,31,7,71,11,37,31,171,18,19,52,0,64,176,0,0,65,100,15
420031102001,10749.016157348738,55,4,52,0,623,0,64,46,74,111,165,27,107,85,164,259,4,0,187,53,51,37,335,67
420032904001,10588.563180371706,0,28,107,33,397,9,43,31,20,75,94,39,139,149,71,51,4,87,195,44,0,10,190,44
420032904002,12114.375585199794,32,52,212,13,808,0,184,81,95,71,55,66,319,224,120,24,45,113,349,32,81,83,352,72
420032904005,11887.858765816245,0,0,222,0,412,0,101,44,31,51,40,111,131,128,36,9,0,89,136,58,0,68,233,50
420033001003,11322.771892128369,0,23,451,0,115,0,181,65,15,52,22,46,197,171,22,0,0,31,128,44,8,99,250,44
420033102003,12400.880604260541,0,0,0,0,628,0,37,38,27,70,61,92,226,88,56,0,15,40,190,32,11,25,261,72
420033102004,10729.054920033748,0,223,0,0,699,0,62,34,56,101,99,43,239,182,150,22,38,96,264,41,79,48,242,113
420033102005,10423.716416764853,0,25,0,0,698,0,51,71,72,33,93,7,266,164,92,26,0,35,297,57,37,42,182,54
420031106001,10172.581966841657,0,12,83,11,751,0,127,35,33,21,174,52,104,80,201,227,8,51,295,42,87,27,301,46
420031920005,10423.093516681873,10,39,32,29,495,9,48,69,35,75,65,33,249,77,83,37,0,133,196,55,0,21,229,41
420030404002,14278.886292963256,356,24,103,15,988,0,309,172,80,158,171,10,49,129,331,446,0,0,440,237,0,16,405,285
420031915001,17628.874442228484,20,16,69,0,602,0,60,62,62,89,54,20,161,118,122,64,0,25,300,52,24,15,247,16
420031916001,12755.732814064073,108,184,69,13,724,0,42,107,111,51,116,87,233,222,107,64,44,97,408,74,50,13,359,53
420039803001,10498.448364797852,0,0,0,0,0,0,0,0,0,0,0,0,0,0,0,0,0,0,0,0,0,0,0,0
420031014002,10677.375308454966,0,50,47,0,562,0,74,25,34,48,123,31,187,80,105,69,0,79,174,53,51,0,212,90
420031918003,10092.518916979263,82,1,0,60,791,0,42,142,19,44,122,68,220,100,157,99,20,172,214,78,18,30,332,70
420035630002,11946.95371405455,0,48,367,0,262,0,52,25,59,109,58,40,206,152,26,44,35,37,191,50,7,48,218,90
420032704001,11143.844150380783,0,48,349,45,554,0,124,63,105,78,88,104,258,239,85,50,5,41,396,86,29,52,342,45
420032022003,9942.844741821289,169,0,150,29,272,0,38,110,29,20,80,55,122,185,63,62,12,4,187,63,64,39,184,67
420032814002,10848.103137703576,29,40,923,66,588,0,271,107,127,53,92,145,324,229,183,31,70,167,372,106,84,136,569,121
420035627002,13626.671574730944,82,42,379,72,853,0,270,218,124,191,152,99,149,280,322,206,25,34,594,92,13,58,531,97
420030402001,14242.607636664143,84,10,602,34,158,0,300,75,84,16,22,61,218,107,60,94,58,46,241,21,49,30,399,44
420039812001,14924.18481761813,0,0,0,0,0,0,0,0,0,0,0,0,0,0,0,0,0,0,0,0,0,0,0,0
420031702004,14859.131163235368,37,11,77,0,756,0,27,49,42,13,297,10,92,76,227,224,0,0,486,13,0,0,356,39
420032904004,10754.769230388503,0,11,209,25,665,0,77,114,51,78,118,88,237,211,62,77,13,148,269,53,36,11,301,79
420035624005,11942.8862596475,0,32,197,0,32,0,89,0,0,89,0,41,67,142,11,0,0,0,130,0,0,0,114,17
420030103003,16707.834268304996,40,4,15,0,216,0,67,26,19,18,0,24,55,30,16,36,0,0,97,27,5,14,113,24
420039801001,11255.93938508807,0,0,0,0,26,0,4,0,0,0,13,0,0,0,13,4,0,9,17,0,0,0,0,0
420030901002,16183.526118887357,0,26,11,26,400,0,43,60,28,27,82,96,62,63,151,65,0,16,231,8,0,5,175,28
420033001006,11207.324168958163,0,0,60,9,345,0,28,18,19,26,85,21,206,59,36,9,0,41,175,11,8,5,132,42
420035616002,11855.824575937599,0,0,0,5,685,0,62,55,43,56,62,100,225,143,47,16,5,41,228,43,0,52,246,90
420035617001,10529.14946438637,0,0,207,29,87,0,6,38,16,15,9,34,50,55,11,0,10,31,109,0,5,72,84,12
420035617002,9972.578386975722,0,97,221,20,229,0,62,39,36,31,54,73,197,96,27,4,14,63,175,22,25,45,179,44
420035616003,10186.281367782265,0,5,318,21,376,0,62,36,57,29,68,73,141,206,40,18,41,25,248,28,0,100,233,45
420035623001,11112.513040485577,0,0,67,0,88,0,88,0,0,0,21,32,47,41,0,9,14,0,85,0,0,0,21,35
420031517005,11248.059363236756,51,165,33,0,682,0,106,75,90,82,118,33,156,121,137,230,25,44,421,41,18,20,333,41
420035631001,11421.399858472318,32,0,82,63,1013,0,58,67,47,73,238,46,221,192,278,100,71,76,348,44,52,112,403,104
420035630003,10307.872948448583,0,0,88,25,630,0,39,40,51,76,112,30,289,171,43,33,0,47,241,42,75,28,215,95
420033001005,11076.038516656326,0,0,345,25,265,0,9,25,85,7,55,62,210,49,0,42,0,106,147,47,17,94,163,61
420035624004,12587.115358508869,0,0,487,5,22,0,81,76,43,17,49,96,131,145,19,59,13,0,163,87,0,22,145,84
420035624003,10428.060316706731,32,0,578,14,20,0,25,83,26,37,66,12,352,90,0,26,19,38,285,59,0,78,107,58
420035631002,13180.076984535019,349,49,90,254,1696,0,173,223,101,245,265,300,653,314,342,136,145,80,765,155,136,158,834,173
420039808001,16306.911439439666,0,0,0,0,0,0,0,0,0,0,0,0,0,0,0,0,0,0,0,0,0,0,0,0
420035626003,11433.731914206342,0,0,589,0,319,0,79,83,47,8,111,27,161,198,84,11,66,74,243,42,22,147,260,54
420031915002,11146.464866493814,39,113,60,44,922,0,159,111,119,112,118,78,280,250,250,58,18,76,556,60,65,32,309,62
420031914002,11382.239577124017,9,1,109,0,982,0,144,93,69,111,112,17,174,294,151,147,10,21,272,76,9,129,495,92
420039809001,12848.472896695033,0,66,746,81,1020,18,0,0,0,0,0,333,1083,369,0,0,0,0,1920,11,0,0,0,0
420035625002,10653.433026025652,0,0,16,0,363,0,23,68,29,34,40,58,139,88,55,6,0,8,180,5,0,0,147,39
420031911001,14568.049131926346,53,0,41,8,1116,0,44,107,102,68,254,55,368,224,220,132,37,37,483,51,37,54,470,49
420031306001,11385.63183633836,0,0,587,27,10,0,97,44,93,30,41,124,167,122,29,7,36,13,241,42,0,31,213,57
420035623003,10591.359772713904,0,71,426,0,202,0,130,53,8,59,15,7,218,121,54,20,0,103,130,24,45,78,222,97
420031018002,11199.533861862243,0,21,370,62,956,0,72,136,110,142,192,144,265,270,243,205,64,46,453,116,19,72,445,186
420030802002,12771.856004964793,6,0,65,0,537,0,76,64,86,27,90,26,103,135,91,156,0,5,265,39,38,0,200,61
420031414004,13401.100720038241,482,21,103,21,1453,0,332,124,73,113,432,80,384,173,432,666,54,41,551,221,45,121,507,553
420032023004,12909.94967835147,176,0,65,22,983,11,102,167,32,185,246,46,315,261,205,233,15,30,612,95,9,0,430,82
420032708003,9951.515971661216,0,0,175,4,698,9,64,18,53,99,208,43,205,214,217,67,9,31,332,66,12,28,325,83
420035629002,11045.377685046113,18,0,10,33,326,0,67,45,20,35,12,18,130,117,15,0,28,52,91,27,13,0,144,32
420032620003,12137.193903671663,84,7,245,0,548,0,134,96,8,46,57,18,246,147,17,67,34,204,173,26,65,62,284,36
420035631003,14548.957932094248,0,25,26,9,241,0,30,17,29,46,25,25,80,72,48,31,11,0,98,18,25,0,102,47
420031920001,12149.9203019644,49,0,277,30,626,0,101,36,62,56,111,21,159,136,219,72,50,76,279,10,65,89,310,99
420030201004,16742.441397402126,58,0,68,21,494,0,55,82,65,109,95,10,0,68,130,160,0,0,266,44,0,0,215,33
420031414001,11006.572880836504,124,39,16,0,835,0,42,43,38,47,220,0,35,151,205,308,18,129,269,56,0,98,356,88
420031018001,10246.564682789558,55,9,92,0,965,9,51,60,52,110,229,0,178,274,212,195,52,76,332,65,15,81,392,127
420031920003,11542.817279550933,0,13,55,68,834,0,50,17,92,102,104,26,231,246,150,17,15,101,336,32,53,68,287,78
420032412002,11180.264165187155,0,69,65,28,364,0,85,47,45,31,48,64,210,87,32,9,19,42,206,20,0,22,171,43
420032503001,10476.51663701892,0,140,623,0,536,0,197,90,38,66,201,85,228,218,179,180,63,162,425,29,32,99,404,105
420032507001,11171.472909728265,19,8,509,4,155,0,162,81,32,26,23,63,182,125,49,27,46,69,192,24,26,41,253,66
420032509002,11994.877422477173,0,0,156,18,256,0,60,42,37,43,29,30,175,112,40,33,0,14,140,43,0,13,152,62
420032107002,12071.22051411509,0,17,510,8,211,0,96,44,71,130,47,32,122,227,113,28,43,10,256,41,0,118,244,34
420032901002,12325.477992973425,75,11,52,5,448,0,56,82,49,50,36,61,228,163,73,0,25,6,218,45,0,22,225,54
420032901003,13516.081515849794,0,17,116,0,537,0,46,127,65,47,50,44,206,167,53,19,5,51,205,48,14,44,257,44
420032902001,10774.619030575026,36,0,29,81,744,0,22,114,42,109,56,33,278,158,70,23,67,75,312,48,7,71,240,52
420032902002,13744.328434730043,79,0,52,0,567,0,164,67,38,65,52,81,225,144,88,44,25,39,167,67,0,35,224,141
420032902003,10957.578281434864,0,0,10,0,495,0,29,64,26,52,68,42,110,145,45,29,35,13,122,32,0,49,147,90
420032902004,11342.084142728458,28,0,215,28,488,0,107,87,63,52,38,127,206,36,49,62,0,154,281,10,0,79,183,59
420033206002,10600.325438627597,6,28,27,145,784,0,121,59,67,105,134,16,228,222,185,61,24,57,357,63,39,89,294,67
420033207001,11532.437118247992,0,43,28,0,890,0,57,108,36,121,139,72,316,236,91,59,21,55,314,92,10,48,325,109
420033207002,13419.576431049943,67,0,0,4,404,0,51,57,43,29,36,85,116,106,46,16,16,43,165,34,15,27,118,57
420031411001,10840.117457256416,28,26,51,35,1181,0,102,72,48,147,226,76,273,151,220,298,43,99,454,108,41,66,376,134
420034825001,14539.431571138339,0,15,151,47,1491,10,172,157,71,168,227,63,495,417,248,121,64,60,484,162,33,105,554,267
420032022002,10502.944224518671,0,0,393,38,319,0,105,18,14,48,56,69,206,132,63,0,15,113,244,21,0,93,248,30
420032023001,14709.227213313034,59,8,100,58,587,0,50,65,114,156,99,0,80,155,210,165,0,0,257,59,24,85,366,29
420032023002,12799.166015669183,0,0,74,0,788,0,29,67,37,104,164,31,289,157,119,109,14,30,239,124,10,70,259,116
420032023003,12644.904532675586,158,59,19,0,709,0,21,32,24,65,134,118,220,144,174,99,11,30,345,78,0,38,270,163
420032107001,13591.436836688496,6,33,938,19,330,0,236,107,115,82,133,73,240,351,246,78,6,47,467,84,33,140,482,58
420033001004,11593.3902461611,47,18,919,150,367,0,196,145,85,39,0,180,310,173,45,7,99,76,333,57,18,470,341,67
420032206001,14430.83202200985,57,47,266,32,826,6,224,113,86,87,298,86,119,226,357,278,34,23,422,124,0,52,431,155
420032206002,10357.498839788046,0,13,178,19,187,5,44,40,10,23,40,50,77,79,55,53,20,24,167,19,0,26,131,15
420031014003,10496.762101601555,45,10,190,22,589,0,83,34,66,79,137,91,194,90,185,172,41,30,252,57,11,33,389,43
420032703002,11909.096880699275,0,0,164,9,412,0,128,50,40,26,50,74,151,129,72,25,0,39,140,45,17,55,194,95
420031302002,10628.596743838369,0,6,800,15,46,0,98,37,83,19,55,49,151,227,78,43,59,72,206,31,56,92,264,73
420031916003,12081.686680901403,44,0,91,0,293,0,24,42,63,57,19,44,66,90,70,41,20,39,143,15,0,0,158,45
420031920004,11874.75076794245,0,5,30,25,514,0,56,95,75,27,57,8,122,213,45,63,26,10,162,17,10,0,198,143
420031702002,14892.02086253134,0,13,0,0,690,0,109,40,34,62,238,0,169,59,298,111,0,0,292,66,0,0,287,58
420031517002,15215.446379250574,16,0,124,0,344,0,40,14,34,10,154,11,91,79,81,165,0,14,138,36,0,18,215,63
420030506002,10054.129905676464,0,0,476,0,0,0,94,70,9,12,48,23,207,88,0,12,0,13,94,35,0,44,143,111
420030506003,10582.172153824027,168,11,226,8,125,0,51,12,37,20,102,11,46,135,73,175,0,13,174,35,20,13,161,122
420030509001,11624.110752742332,0,51,1249,0,0,67,500,186,27,14,14,114,348,264,19,4,99,103,264,59,132,127,461,124
420030510001,10379.248098797549,62,19,570,20,232,10,319,69,39,33,35,38,144,167,19,65,40,72,220,31,9,18,578,55
420030802001,12138.667329389242,10,77,42,0,903,0,172,77,95,86,129,32,316,171,222,97,10,31,408,38,20,31,375,119
420030804001,13764.377916532965,18,10,72,0,661,0,57,85,62,80,93,3,199,161,175,90,4,5,440,44,0,5,202,65
420030804002,15577.92090298466,149,20,18,19,502,0,217,55,28,27,79,0,17,41,108,186,0,10,415,39,5,5,227,15
420030806001,10779.897268895136,54,0,73,39,1237,0,79,107,91,119,239,24,180,177,279,377,60,46,503,37,11,83,602,91
420030807001,12163.714681112933,106,57,82,41,532,0,86,87,39,123,69,16,57,108,187,195,27,39,311,15,59,16,328,22
420030807002,13765.409787144787,295,36,34,7,737,0,177,212,94,120,118,12,160,65,289,498,0,0,471,7,0,29,524,80
420030809001,12954.446527503665,144,24,95,17,860,0,85,62,119,126,190,56,93,138,343,209,0,26,404,56,57,17,553,66
420030809002,12173.568399602716,0,21,131,5,491,0,59,40,113,93,97,14,76,66,164,178,19,46,285,26,8,12,222,30
420032814001,10221.629932261367,0,28,177,0,635,0,44,81,59,105,78,27,203,239,111,18,0,109,214,51,0,118,272,76
420032815001,12177.674753074012,0,6,122,29,329,0,66,26,22,52,57,49,120,79,134,23,29,8,136,38,22,18,195,40
420032901001,16053.854491068947,27,5,216,44,513,0,59,91,42,66,50,23,226,193,94,19,13,111,263,18,51,51,267,35
420031401002,10474.750733831024,263,61,63,90,1603,9,7,14,12,31,376,24,19,46,186,594,39,102,952,130,0,132,765,107
420031401004,12524.323450393178,742,98,106,21,855,0,15,22,8,0,33,2,1,31,39,30,0,15,842,13,0,32,1298,53
420031402001,11303.703268622316,69,77,41,22,917,0,72,42,10,33,203,0,12,64,151,244,12,58,144,104,0,60,821,67
420031402002,12015.61537968297,179,47,16,13,1067,16,142,95,106,85,240,34,23,77,299,452,22,89,550,45,0,22,557,69
420031403003,11888.129177129038,54,18,19,15,951,0,36,0,0,67,263,0,54,8,112,412,84,80,211,86,75,153,246,103
420031403004,12401.2687439221,152,81,34,0,678,0,0,26,20,77,244,0,5,16,142,422,75,43,463,55,24,10,254,21
420031404001,11395.288751870507,118,12,10,6,582,2,27,16,6,30,245,17,23,27,209,281,17,59,223,51,31,40,226,88
420031404002,10741.502086670962,31,16,17,45,508,0,22,20,22,11,179,0,15,29,125,290,17,39,184,51,44,42,185,55
